Workbook

Sheet DB WBS
A1: Budidaya | B1: Plant | C1: Desc. | D1: Period | E1: Aktifitas | F1: Job Name | G1: Cost Element | H1: Cost Element Desc | I1: Klasifikasi | J1: Nilai | K1: Fisik
A2: KR | B2: 5E06 | C2: KEBUN SINTANG | D2: 1 | E2: 60-03 | F2: SADAP (ATS) | G2: 51101056 | H2: Biaya Panen | I2: 2. SPK | J2: 4158000 | K2: 594
A3: KR | B3: 5E06 | C3: KEBUN SINTANG | D3: 1 | E3: 60-03 | F3: SADAP (ATS) | G3: 90043001 | H3: Activity Type E-LBR | I3: 1. Gaji | J3: 28453544 | K3: 184
A4: KR | B4: 5E06 | C4: KEBUN SINTANG | D4: 1 | E4: 90-03 | G4: 90042014 | H4: Assessment Panen | I4: 1. Gaji | J4: 39212995 | K4: 0
A5: KR | B5: 5E06 | C5: KEBUN SINTANG | D5: 1 | E5: 99-01 | G5: 90042012 | H5: Assessment Karpim | I5: 1. Gaji | J5: 23330439 | K5: 0
A6: KR | B6: 5E06 | C6: KEBUN SINTANG | D6: 1 | E6: 99-01 | G6: 90042121 | H6: Assessment BTL - Keamanan | I6: 6.Lain-Lain | J6: 40967991 | K6: 0
A7: KR | B7: 5E06 | C7: KEBUN SINTANG | D7: 1 | E7: 99-01 | G7: 90042125 | H7: Assessment BTL-Gaji&Tunjangan Karpim | I7: 6.Lain-Lain | J7: 11116981 | K7: 0
A8: KR | B8: 5E06 | C8: KEBUN SINTANG | D8: 1 | E8: 99-01 | G8: 90042127 | H8: Assessment BTL-Pemeliharaan Bangunan Per | I8: 6.Lain-Lain | J8: 3175000 | K8: 0
A9: KR | B9: 5E06 | C9: KEBUN SINTANG | D9: 1 | E9: 99-01 | G9: 90042132 | H9: Assessment BTL-Pemeliharaan Bangunan Rum | I9: 6.Lain-Lain | J9: 373000 | K9: 0
A10: KR | B10: 5E06 | C10: KEBUN SINTANG | D10: 1 | E10: 99-01 | G10: 90042134 | H10: Assessment BTL- Pemeliharaan Alat Invent | I10: 6.Lain-Lain | J10: 500000 | K10: 0
A11: KR | B11: 5E06 | C11: KEBUN SINTANG | D11: 1 | E11: 99-01 | G11: 90042135 | H11: Assessment BTL-Gaji, Upah & Tunj Karpel | I11: 6.Lain-Lain | J11: 5468500 | K11: 0
A12: KR | B12: 5E06 | C12: KEBUN SINTANG | D12: 1 | E12: 99-01 | G12: 90042126 | H12: Assessment BTL- Pengangkutan | I12: 6.Lain-Lain | J12: 6766136 | K12: 0
A13: KR | B13: 5E13 | C13: KEBUN BATULICIN | D13: 1 | E13: 53-07 | F13: STRIP WEEDING CHEMIS | G13: 51100058 | H13: Bi Konsumsi Persediaan Pupuk dan Herbisi | I13: 3. Bahan | J13: 17619625 | K13: 265.755
A14: KR | B14: 5E13 | C14: KEBUN BATULICIN | D14: 1 | E14: 53-07 | F14: STRIP WEEDING CHEMIS | G14: 51100651 | H14: Biaya Pemeliharaan Aset Tanaman | I14: 6.Lain-Lain | J14: 0 | K14: 0
A15: KR | B15: 5E13 | C15: KEBUN BATULICIN | D15: 1 | E15: 53-07 | F15: STRIP WEEDING CHEMIS | G15: 51100774 | H15: Biaya Borongan | I15: 2. SPK | J15: 22490300 | K15: 332.5
A16: KR | B16: 5E13 | C16: KEBUN BATULICIN | D16: 1 | E16: 55-08 | F16: STIMULANSIA | G16: 51100061 | H16: Bi Konsumsi Persediaan Bahan Kimia | I16: 3. Bahan | J16: 3830989 | K16: 177
A17: KR | B17: 5E13 | C17: KEBUN BATULICIN | D17: 1 | E17: 60-02 | F17: PENYADAPAN DTS (D3) | G17: 51101056 | H17: Biaya Panen | I17: 2. SPK | J17: 290911375 | K17: 54040.5
A18: KR | B18: 5E13 | C18: KEBUN BATULICIN | D18: 1 | E18: 60-02 | F18: PENYADAPAN DTS (D3) | G18: 90043001 | H18: Activity Type E-LBR | I18: 1. Gaji | J18: 20462790 | K18: 110.5
A19: KR | B19: 5E13 | C19: KEBUN BATULICIN | D19: 1 | E19: 60-03 | F19: SADAP (ATS) | G19: 51101056 | H19: Biaya Panen | I19: 2. SPK | J19: 9764000 | K19: 1376
A20: KR | B20: 5E13 | C20: KEBUN BATULICIN | D20: 1 | E20: 60-05 | F20: PENGANGKUTAN KE TPH | G20: 51101056 | H20: Biaya Panen | I20: 2. SPK | J20: 11165736 | K20: 11817.45
A21: KR | B21: 5E13 | C21: KEBUN BATULICIN | D21: 1 | E21: 60-05 | F21: PENGANGKUTAN KE TPH | G21: 90043001 | H21: Activity Type E-LBR | I21: 1. Gaji | J21: 6811521 | K21: 37.5
A22: KR | B22: 5E13 | C22: KEBUN BATULICIN | D22: 1 | E22: 60-08 | F22: PENGANGKUTAN KOMPO-CUPLUMP | G22: 90043002 | H22: Activity Type E-KM | I22: 4. EAP | J22: 29406569 | K22: 2495
A23: KR | B23: 5E13 | C23: KEBUN BATULICIN | D23: 1 | E23: 60-18 | F23: TM PEMASANGAN RAIN GUARD | G23: 51100064 | H23: Bi Konsumsi Kebutuhan Operasional | I23: 3. Bahan | J23: 38661 | K23: 300
A24: KR | B24: 5E13 | C24: KEBUN BATULICIN | D24: 1 | E24: 90-01 | G24: 90042011 | H24: Assessment Pemeliharaan | I24: 1. Gaji | J24: 29241773 | K24: 0
A25: KR | B25: 5E13 | C25: KEBUN BATULICIN | D25: 1 | E25: 90-03 | G25: 90042014 | H25: Assessment Panen | I25: 1. Gaji | J25: 162694136 | K25: 0
A26: KR | B26: 5E13 | C26: KEBUN BATULICIN | D26: 1 | E26: 99-01 | G26: 90042012 | H26: Assessment Karpim | I26: 1. Gaji | J26: 67520241 | K26: 0
A27: KR | B27: 5E13 | C27: KEBUN BATULICIN | D27: 1 | E27: 99-01 | G27: 90042121 | H27: Assessment BTL - Keamanan | I27: 6.Lain-Lain | J27: 81268406 | K27: 0
A28: KR | B28: 5E13 | C28: KEBUN BATULICIN | D28: 1 | E28: 99-01 | G28: 90042122 | H28: Assessment Penerangan | I28: 6.Lain-Lain | J28: 1048000 | K28: 0
A29: KR | B29: 5E13 | C29: KEBUN BATULICIN | D29: 1 | E29: 99-01 | G29: 90042124 | H29: Assessment BTL- Pemeliharaan Jalan | I29: 6.Lain-Lain | J29: 13432000 | K29: 0
A30: KR | B30: 5E13 | C30: KEBUN BATULICIN | D30: 1 | E30: 99-01 | G30: 90042125 | H30: Assessment BTL-Gaji&Tunjangan Karpim | I30: 6.Lain-Lain | J30: 47163768 | K30: 0
A31: KR | B31: 5E13 | C31: KEBUN BATULICIN | D31: 1 | E31: 99-01 | G31: 90042127 | H31: Assessment BTL-Pemeliharaan Bangunan Per | I31: 6.Lain-Lain | J31: 15608302 | K31: 0
A32: KR | B32: 5E13 | C32: KEBUN BATULICIN | D32: 1 | E32: 99-01 | G32: 90042128 | H32: Assessment BTL- Air | I32: 6.Lain-Lain | J32: 748000 | K32: 0
A33: KR | B33: 5E13 | C33: KEBUN BATULICIN | D33: 1 | E33: 99-01 | G33: 90042132 | H33: Assessment BTL-Pemeliharaan Bangunan Rum | I33: 6.Lain-Lain | J33: 6413600 | K33: 0
A34: KR | B34: 5E13 | C34: KEBUN BATULICIN | D34: 1 | E34: 99-01 | G34: 90042134 | H34: Assessment BTL- Pemeliharaan Alat Invent | I34: 6.Lain-Lain | J34: 1617500 | K34: 0
A35: KR | B35: 5E13 | C35: KEBUN BATULICIN | D35: 1 | E35: 99-01 | G35: 90042135 | H35: Assessment BTL-Gaji, Upah & Tunj Karpel | I35: 6.Lain-Lain | J35: 71515047 | K35: 0
... A42: KR | B42: 5E13 | C42: KEBUN BATULICIN | D42: 1 | E42: 99-01 | G42: 90042126 | H42: Assessment BTL- Pengangkutan | I42: 6.Lain-Lain | J42: 33176702 | K42: 0
A43: KR | B43: 5E19 | C43: KEBUN LONGKALI | D43: 1 | E43: 60-04 | F43: SERAP SADAP | G43: 51101056 | H43: Biaya Panen | I43: 2. SPK | J43: 2697368 | K43: 193
A44: KR | B44: 5E19 | C44: KEBUN LONGKALI | D44: 1 | E44: 60-07 | F44: PENGANGKUTAN LATEX | G44: 51100153 | H44: Biaya Jasa Transportasi - Non Penjualan | I44: 2. SPK | J44: 362400 | K44: 604
A45: KR | B45: 5E19 | C45: KEBUN LONGKALI | D45: 1 | E45: 99-01 | G45: 90042121 | H45: Assessment BTL - Keamanan | I45: 6.Lain-Lain | J45: 6508171 | K45: 0
A46: KR | B46: 5E19 | C46: KEBUN LONGKALI | D46: 1 | E46: 99-01 | G46: 90042135 | H46: Assessment BTL-Gaji, Upah & Tunj Karpel | I46: 6.Lain-Lain | J46: 8539632 | K46: 0
A47: KR | B47: 5E19 | C47: KEBUN LONGKALI | D47: 1 | E47: 99-01 | G47: 90042200 | H47: Assessment Depresiasi TM Sawit | I47: 5. Depresiasi | J47: 58124638 | K47: 0
A48: KR | B48: 5E19 | C48: KEBUN LONGKALI | D48: 1 | E48: 99-01 | G48: 90042223 | H48: Assessment Depre Bangn Rumah | I48: 5. Depresiasi | J48: 4942403 | K48: 0
A49: KR | B49: 5E19 | C49: KEBUN LONGKALI | D49: 1 | E49: 99-01 | G49: 90042224 | H49: Assessment Depre Bangn Perusahaan | I49: 5. Depresiasi | J49: 779230 | K49: 0
A50: KR | B50: 5E19 | C50: KEBUN LONGKALI | D50: 1 | E50: 99-01 | G50: 90042226 | H50: Assessment Depre Peralatan & Inventaris | I50: 5. Depresiasi | J50: 21979 | K50: 0
A51: KR | B51: 5E19 | C51: KEBUN LONGKALI | D51: 1 | E51: 99-01 | G51: 90042228 | H51: Assessment Depre Jalan, Jembatan, Irigas | I51: 5. Depresiasi | J51: 11336438 | K51: 0
A52: KR | B52: 5E19 | C52: KEBUN LONGKALI | D52: 1 | E52: 99-01 | G52: 90042231 | H52: Assessment Depre Mesin & Instalasi | I52: 5. Depresiasi | J52: 9901228 | K52: 0
A53: KS | B53: 5E01 | C53: KEBUN GUNUNG MELIAU | D53: 1 | E53: 34-01 | F53: TBM - POTONG BUAH - (TBM 3) | G53: 90043001 | H53: Activity Type E-LBR | I53: 1. Gaji | J53: 1292698 | K53: 11
A54: KS | B54: 5E01 | C54: KEBUN GUNUNG MELIAU | D54: 1 | E54: 34-06 | F54: PKWT - TBM - POTONG BUAH - (TBM3) | G54: 90043001 | H54: Activity Type E-LBR | I54: 1. Gaji | J54: 1292698 | K54: 11
A55: KS | B55: 5E01 | C55: KEBUN GUNUNG MELIAU | D55: 1 | E55: 41-01 | F55: TM - PEMEL JALAN MANUAL - ACCESS ROAD | G55: 90043001 | H55: Activity Type E-LBR | I55: 1. Gaji | J55: 128847276 | K55: 1071
A56: KS | B56: 5E01 | C56: KEBUN GUNUNG MELIAU | D56: 1 | E56: 41-01 | F56: TM - PEMEL JALAN MANUAL - ACCESS ROAD | G56: 90043000 | H56: Activity Type E-SPV | I56: 1. Gaji | J56: 3204575 | K56: 25
A57: KS | B57: 5E01 | C57: KEBUN GUNUNG MELIAU | D57: 1 | E57: 41-02 | F57: TM - PEMEL JALAN MANUAL - MR | G57: 90043001 | H57: Activity Type E-LBR | I57: 1. Gaji | J57: 12053037 | K57: 101
A58: KS | B58: 5E01 | C58: KEBUN GUNUNG MELIAU | D58: 1 | E58: 41-03 | F58: TM - PEMEL JALAN MANUAL - CR | G58: 90043001 | H58: Activity Type E-LBR | I58: 1. Gaji | J58: 1551381 | K58: 13
A59: KS | B59: 5E01 | C59: KEBUN GUNUNG MELIAU | D59: 1 | E59: 41-05 | F59: TM - PEMEL JALAN MEKANIS - MR | G59: 90043003 | H59: Activity Type E-HM | I59: 4. EAP | J59: 22479140 | K59: 16.8
A60: KS | B60: 5E01 | C60: KEBUN GUNUNG MELIAU | D60: 1 | E60: 41-17 | F60: TM - PEMEL TPH | G60: 90043001 | H60: Activity Type E-LBR | I60: 1. Gaji | J60: 5018328 | K60: 42
A61: KS | B61: 5E01 | C61: KEBUN GUNUNG MELIAU | D61: 1 | E61: 41-26 | F61: TM KEPRAS PELEPAH | G61: 51100651 | H61: Biaya Pemeliharaan Aset Tanaman | I61: 6.Lain-Lain | J61: 0 | K61: 0
A62: KS | B62: 5E01 | C62: KEBUN GUNUNG MELIAU | D62: 1 | E62: 41-26 | F62: TM KEPRAS PELEPAH | G62: 90043001 | H62: Activity Type E-LBR | I62: 1. Gaji | J62: 3981502 | K62: 34
A63: KS | B63: 5E01 | C63: KEBUN GUNUNG MELIAU | D63: 1 | E63: 41-26 | F63: TM KEPRAS PELEPAH | G63: 51100774 | H63: Biaya Borongan | I63: 2. SPK | J63: 63058686 | K63: 18262
A64: KS | B64: 5E01 | C64: KEBUN GUNUNG MELIAU | D64: 1 | E64: 43-01 | F64: TM - PEMEL PIRINGAN & PASAR PIKUL CHEMIS | G64: 51100058 | H64: Bi Konsumsi Persediaan Pupuk dan Herbisi | I64: 3. Bahan | J64: 4020272 | K64: 52.5
... A122: KS | B122: 5E01 | C122: KEBUN GUNUNG MELIAU | D122: 1 | E122: 99-01 | F122: ALOKASI & DEPRESIASI | G122: 90042126 | H122: Assessment BTL- Pengangkutan | I122: 6.Lain-Lain | J122: 34066073 | K122: 0
A123: KS | B123: 5E02 | C123: KEBUN GUNUNG MAS | D123: 1 | E123: 46038 | F123: TU - POTONG BUAH | G123: 90043001 | H123: Activity Type E-LBR | I123: 1. Gaji | J123: 5062860 | K123: 44
A124: KS | B124: 5E02 | C124: KEBUN GUNUNG MAS | D124: 1 | E124: 46158 | F124: PKWT - TU - POTONG BUAH | G124: 90043001 | H124: Activity Type E-LBR | I124: 1. Gaji | J124: 1380780 | K124: 12
A125: KS | B125: 5E02 | C125: KEBUN GUNUNG MAS | D125: 1 | E125: 41-02 | F125: TM - PEMEL JALAN MANUAL - MR | G125: 90043001 | H125: Activity Type E-LBR | I125: 1. Gaji | J125: 61875820 | K125: 506
A126: KS | B126: 5E02 | C126: KEBUN GUNUNG MAS | D126: 1 | E126: 41-03 | F126: TM - PEMEL JALAN MANUAL - CR | G126: 90043001 | H126: Activity Type E-LBR | I126: 1. Gaji | J126: 56852746 | K126: 463
A127: KS | B127: 5E02 | C127: KEBUN GUNUNG MAS | D127: 1 | E127: 41-03 | F127: TM - PEMEL JALAN MANUAL - CR | G127: 90043000 | H127: Activity Type E-SPV | I127: 1. Gaji | J127: 1434024 | K127: 12
A128: KS | B128: 5E02 | C128: KEBUN GUNUNG MAS | D128: 1 | E128: 41-06 | F128: TM - PEMEL JALAN MEKANIS - CR | G128: 90043003 | H128: Activity Type E-HM | I128: 4. EAP | J128: 13140908 | K128: 56.2
A129: KS | B129: 5E02 | C129: KEBUN GUNUNG MAS | D129: 1 | E129: 41-07 | F129: TM - TIMBUN/PENGERASAN JALAN | G129: 51100651 | H129: Biaya Pemeliharaan Aset Tanaman | I129: 6.Lain-Lain | J129: 6885239 | K129: 0
A130: KS | B130: 5E02 | C130: KEBUN GUNUNG MAS | D130: 1 | E130: 41-07 | F130: TM - TIMBUN/PENGERASAN JALAN | G130: 90043002 | H130: Activity Type E-KM | I130: 4. EAP | J130: 11074140 | K130: 952
A131: KS | B131: 5E02 | C131: KEBUN GUNUNG MAS | D131: 1 | E131: 41-17 | F131: TM - PEMEL TPH | G131: 90043001 | H131: Activity Type E-LBR | I131: 1. Gaji | J131: 11594607 | K131: 103
A132: KS | B132: 5E02 | C132: KEBUN GUNUNG MAS | D132: 1 | E132: 41-17 | F132: TM - PEMEL TPH | G132: 90043000 | H132: Activity Type E-SPV | I132: 1. Gaji | J132: 1314522 | K132: 11
A133: KS | B133: 5E02 | C133: KEBUN GUNUNG MAS | D133: 1 | E133: 41-35 | F133: TM - PEMBUATAN TPH | G133: 90043001 | H133: Activity Type E-LBR | I133: 1. Gaji | J133: 5498640 | K133: 45
A134: KS | B134: 5E02 | C134: KEBUN GUNUNG MAS | D134: 1 | E134: 43-01 | F134: TM - PEMEL PIRINGAN & PASAR PIKUL CHEMIS | G134: 51100058 | H134: Bi Konsumsi Persediaan Pupuk dan Herbisi | I134: 3. Bahan | J134: 18782310 | K134: 260.935
A135: KS | B135: 5E02 | C135: KEBUN GUNUNG MAS | D135: 1 | E135: 43-01 | F135: TM - PEMEL PIRINGAN & PASAR PIKUL CHEMIS | G135: 51100064 | H135: Bi Konsumsi Kebutuhan Operasional | I135: 3. Bahan | J135: 3600000 | K135: 6
A136: KS | B136: 5E02 | C136: KEBUN GUNUNG MAS | D136: 1 | E136: 43-06 | F136: TM PEMELIHARAAN GAWANGAN MANUAL | G136: 90043001 | H136: Activity Type E-LBR | I136: 1. Gaji | J136: 87375625 | K136: 733
... A235: KS | B235: 5E03 | C235: KEBUN SUNGAI DEKAN | D235: 1 | E235: 99-01 | F235: ALOKASI & DEPRESIASI | G235: 90042126 | H235: Assessment BTL- Pengangkutan | I235: 6.Lain-Lain | J235: 67283099 | K235: 0
A236: KS | B236: 5E04 | C236: KEBUN RIMBA BELIAN | D236: 1 | E236: 46038 | F236: TU - POTONG BUAH | G236: 90043001 | H236: Activity Type E-LBR | I236: 1. Gaji | J236: 6938411 | K236: 54
A237: KS | B237: 5E04 | C237: KEBUN RIMBA BELIAN | D237: 1 | E237: 46158 | F237: PKWT - TU - POTONG BUAH | G237: 90043001 | H237: Activity Type E-LBR | I237: 1. Gaji | J237: 1053248 | K237: 8
A238: KS | B238: 5E04 | C238: KEBUN RIMBA BELIAN | D238: 1 | E238: 41-01 | F238: TM - PEMEL JALAN MANUAL - ACCESS ROAD | G238: 90043001 | H238: Activity Type E-LBR | I238: 1. Gaji | J238: 19907494 | K238: 151
A239: KS | B239: 5E04 | C239: KEBUN RIMBA BELIAN | D239: 1 | E239: 41-02 | F239: TM - PEMEL JALAN MANUAL - MR | G239: 51100102 | H239: Biaya Pemeliharaan Jln, Jembatan, & Sal. | I239: 6.Lain-Lain | J239: 2000000 | K239: 0
A240: KS | B240: 5E04 | C240: KEBUN RIMBA BELIAN | D240: 1 | E240: 41-02 | F240: TM - PEMEL JALAN MANUAL - MR | G240: 90043001 | H240: Activity Type E-LBR | I240: 1. Gaji | J240: 19486317 | K240: 153
A241: KS | B241: 5E04 | C241: KEBUN RIMBA BELIAN | D241: 1 | E241: 41-03 | F241: TM - PEMEL JALAN MANUAL - CR | G241: 90043001 | H241: Activity Type E-LBR | I241: 1. Gaji | J241: 9285647 | K241: 70
A242: KS | B242: 5E04 | C242: KEBUN RIMBA BELIAN | D242: 1 | E242: 41-04 | F242: TM - PEMEL JALAN MEKANIS - ACCESS ROAD | G242: 90043003 | H242: Activity Type E-HM | I242: 4. EAP | J242: 23083753 | K242: 77
A243: KS | B243: 5E04 | C243: KEBUN RIMBA BELIAN | D243: 1 | E243: 41-07 | F243: TM - TIMBUN/PENGERASAN JALAN | G243: 90043002 | H243: Activity Type E-KM | I243: 4. EAP | J243: 11816704 | K243: 1426
A244: KS | B244: 5E04 | C244: KEBUN RIMBA BELIAN | D244: 1 | E244: 41-07 | F244: TM - TIMBUN/PENGERASAN JALAN | G244: 90043003 | H244: Activity Type E-HM | I244: 4. EAP | J244: 32358608 | K244: 92
A245: KS | B245: 5E04 | C245: KEBUN RIMBA BELIAN | D245: 1 | E245: 41-17 | F245: TM - PEMEL TPH | G245: 90043001 | H245: Activity Type E-LBR | I245: 1. Gaji | J245: 1714916 | K245: 13
A246: KS | B246: 5E04 | C246: KEBUN RIMBA BELIAN | D246: 1 | E246: 41-26 | F246: TM KEPRAS PELEPAH | G246: 90043001 | H246: Activity Type E-LBR | I246: 1. Gaji | J246: 4917012 | K246: 34
A247: KS | B247: 5E04 | C247: KEBUN RIMBA BELIAN | D247: 1 | E247: 43-01 | F247: TM - PEMEL PIRINGAN & PASAR PIKUL CHEMIS | G247: 51100061 | H247: Bi Konsumsi Persediaan Bahan Kimia | I247: 3. Bahan | J247: 20214999 | K247: 247.13
A248: KS | B248: 5E04 | C248: KEBUN RIMBA BELIAN | D248: 1 | E248: 43-01 | F248: TM - PEMEL PIRINGAN & PASAR PIKUL CHEMIS | G248: 51100064 | H248: Bi Konsumsi Kebutuhan Operasional | I248: 3. Bahan | J248: 1200000 | K248: 2
A249: KS | B249: 5E04 | C249: KEBUN RIMBA BELIAN | D249: 1 | E249: 43-01 | F249: TM - PEMEL PIRINGAN & PASAR PIKUL CHEMIS | G249: 90043001 | H249: Activity Type E-LBR | I249: 1. Gaji | J249: 28182558 | K249: 222
... A379: KS | B379: 5E07 | C379: KEBUN NGABANG | D379: 1 | E379: 44-11 | F379: TM - PENGENDALIAN PENYAKIT LAINNYA | G379: 90043000 | H379: Activity Type E-SPV | I379: 1. Gaji | J379: 1130175 | K379: 9
A380: KS | B380: 5E08 | C380: KEBUN PARINDU | D380: 1 | E380: 46038 | F380: TU - POTONG BUAH | G380: 90043001 | H380: Activity Type E-LBR | I380: 1. Gaji | J380: 1606228 | K380: 13
A381: KS | B381: 5E08 | C381: KEBUN PARINDU | D381: 1 | E381: 46158 | F381: PKWT - TU - POTONG BUAH | G381: 90043001 | H381: Activity Type E-LBR | I381: 1. Gaji | J381: 985964 | K381: 8
A382: KS | B382: 5E08 | C382: KEBUN PARINDU | D382: 1 | E382: 41-01 | F382: TM - PEMEL JALAN MANUAL - ACCESS ROAD | G382: 90043001 | H382: Activity Type E-LBR | I382: 1. Gaji | J382: 246452 | K382: 2
A383: KS | B383: 5E08 | C383: KEBUN PARINDU | D383: 1 | E383: 41-01 | F383: TM - PEMEL JALAN MANUAL - ACCESS ROAD | G383: 90043000 | H383: Activity Type E-SPV | I383: 1. Gaji | J383: 122800 | K383: 1
A384: KS | B384: 5E08 | C384: KEBUN PARINDU | D384: 1 | E384: 41-02 | F384: TM - PEMEL JALAN MANUAL - MR | G384: 51100064 | H384: Bi Konsumsi Kebutuhan Operasional | I384: 6.Lain-Lain | J384: 5000000 | K384: 0
A385: KS | B385: 5E08 | C385: KEBUN PARINDU | D385: 1 | E385: 41-02 | F385: TM - PEMEL JALAN MANUAL - MR | G385: 90043001 | H385: Activity Type E-LBR | I385: 1. Gaji | J385: 24066634 | K385: 197.6
A386: KS | B386: 5E08 | C386: KEBUN PARINDU | D386: 1 | E386: 41-02 | F386: TM - PEMEL JALAN MANUAL - MR | G386: 90043000 | H386: Activity Type E-SPV | I386: 1. Gaji | J386: 5240480 | K386: 42
A387: KS | B387: 5E08 | C387: KEBUN PARINDU | D387: 1 | E387: 41-04 | F387: TM - PEMEL JALAN MEKANIS - ACCESS ROAD | G387: 90043003 | H387: Activity Type E-HM | I387: 4. EAP | J387: 31014398 | K387: 83
A388: KS | B388: 5E08 | C388: KEBUN PARINDU | D388: 1 | E388: 41-26 | F388: TM KEPRAS PELEPAH | G388: 90043001 | H388: Activity Type E-LBR | I388: 1. Gaji | J388: 245064 | K388: 2
A389: KS | B389: 5E08 | C389: KEBUN PARINDU | D389: 1 | E389: 43-01 | F389: TM - PEMEL PIRINGAN & PASAR PIKUL CHEMIS | G389: 51100058 | H389: Bi Konsumsi Persediaan Pupuk dan Herbisi | I389: 3. Bahan | J389: 9622339 | K389: 138.05
A390: KS | B390: 5E08 | C390: KEBUN PARINDU | D390: 1 | E390: 43-01 | F390: TM - PEMEL PIRINGAN & PASAR PIKUL CHEMIS | G390: 90043001 | H390: Activity Type E-LBR | I390: 1. Gaji | J390: 3150179 | K390: 23.8
...

Sheet DB GC
A1: Uraian | B1: Plant | C1: Unit Kerja | D1: Period | E1: GC | F1: Cost Element | G1: Cost element name | H1: Klasifikasi | I1: Nilai
A2: KR | B2: 5E06 | C2: KEBUN SINTANG | D2: 1 | E2: GC Panen | F2: 90042077 | G2: Asst. Premi Panen | H2: 1. Gaji | I2: 1890000
A3: KR | B3: 5E06 | C3: KEBUN SINTANG | D3: 1 | E3: GC Panen | F3: 90043001 | G3: Act Type E-LBR | H3: 1. Gaji | I3: 16354812
A4: KR | B4: 5E06 | C4: KEBUN SINTANG | D4: 1 | E4: GC Panen | F4: 90043000 | G4: Act Type E-SPV | H4: 1. Gaji | I4: 19410058
A5: KR | B5: 5E06 | C5: KEBUN SINTANG | D5: 1 | E5: GC Panen | F5: 51100402 | G5: Honorarium/Upah | H5: 1. Gaji | I5: 1558125
A6: KR | B6: 5E13 | C6: KEBUN BATULICIN | D6: 1 | E6: GC Panen | F6: 51100064 | G6: Bi Konsumsi Kebut Op | H6: 3. Bahan | I6: 1618482
A7: KR | B7: 5E13 | C7: KEBUN BATULICIN | D7: 1 | E7: GC Panen | F7: 51100441 | G7: BPJS TK - Jaminan Ke | H7: 1. Gaji | I7: 764640
A8: KR | B8: 5E13 | C8: KEBUN BATULICIN | D8: 1 | E8: GC Panen | F8: 51100442 | G8: BPJS TK - Jaminan Ke | H8: 1. Gaji | I8: 424800
A9: KR | B9: 5E13 | C9: KEBUN BATULICIN | D9: 1 | E9: GC Panen | F9: 90042077 | G9: Asst. Premi Panen | H9: 1. Gaji | I9: 21924449
A10: KR | B10: 5E13 | C10: KEBUN BATULICIN | D10: 1 | E10: GC Panen | F10: 90043001 | G10: Act Type E-LBR | H10: 1. Gaji | I10: 20942872
A11: KR | B11: 5E13 | C11: KEBUN BATULICIN | D11: 1 | E11: GC Panen | F11: 90043000 | G11: Act Type E-SPV | H11: 1. Gaji | I11: 117018893
A12: KR | B12: 5E13 | C12: KEBUN BATULICIN | D12: 1 | E12: GC Pemel | F12: 90043000 | G12: Act Type E-SPV | H12: 1. Gaji | I12: 29241773
A13: KS | B13: 5E01 | C13: KEBUN GUNUNG MELIAU | D13: 1 | E13: GC Angkut | F13: 90042084 | G13: Asst Premi Pnggkutan | H13: 1. Gaji | I13: 3680415
... A159: KS | B159: 5E01 | C159: KEBUN GUNUNG MELIAU | D159: 2 | E159: GC Pemel | F159: 51100063 | G159: Bi Kons Pers Suku Ca | H159: 6.Lain-Lain | I159: 444000
A160: KS | B160: 5E01 | C160: KEBUN GUNUNG MELIAU | D160: 2 | E160: #N/A | F160: 51100608 | G160: Bi Keamanan | H160: 2. SPK | I160: 146839134
A161: KS | B161: 5E01 | C161: KEBUN GUNUNG MELIAU | D161: 2 | E161: #N/A | F161: 51100608 | G161: Bi Keamanan | H161: 6.Lain-Lain | I161: -48946378
A162: KS | B162: 5E02 | C162: KEBUN GUNUNG MAS | D162: 2 | E162: GC Angkut | F162: 90042084 | G162: Asst Premi Pnggkutan | H162: 1. Gaji | I162: 6018700
A163: KS | B163: 5E02 | C163: KEBUN GUNUNG MAS | D163: 2 | E163: GC Angkut | F163: 90043001 | G163: Act Type E-LBR | H163: 1. Gaji | I163: 5149908
A164: KS | B164: 5E02 | C164: KEBUN GUNUNG MAS | D164: 2 | E164: GC Angkut | F164: 90043000 | G164: Act Type E-SPV | H164: 1. Gaji | I164: 7462728
A165: KS | B165: 5E02 | C165: KEBUN GUNUNG MAS | D165: 2 | E165: GC Panen | F165: 51100064 | G165: Bi Konsumsi Kebut Op | H165: 3. Bahan | I165: 120000
A166: KS | B166: 5E02 | C166: KEBUN GUNUNG MAS | D166: 2 | E166: GC Panen | F166: 51100064 | G166: Bi Konsumsi Kebut Op | H166: 6.Lain-Lain | I166: 1280000
A167: KS | B167: 5E02 | C167: KEBUN GUNUNG MAS | D167: 2 | E167: GC Panen | F167: 90042077 | G167: Asst. Premi Panen | H167: 1. Gaji | I167: 37422262
A168: KS | B168: 5E02 | C168: KEBUN GUNUNG MAS | D168: 2 | E168: GC Panen | F168: 90043001 | G168: Act Type E-LBR | H168: 1. Gaji | I168: 204833030
A169: KS | B169: 5E02 | C169: KEBUN GUNUNG MAS | D169: 2 | E169: GC Panen | F169: 90043000 | G169: Act Type E-SPV | H169: 1. Gaji | I169: 130518159
A170: KS | B170: 5E02 | C170: KEBUN GUNUNG MAS | D170: 2 | E170: GC Pemel | F170: 51100401 | G170: Bi Gaji dan Tunjanga | H170: 1. Gaji | I170: 16200300
A171: KS | B171: 5E02 | C171: KEBUN GUNUNG MAS | D171: 2 | E171: GC Pemel | F171: 90042080 | G171: Ast. Premi Pemel TBM | H171: 6.Lain-Lain | I171: 10945035
A172: KS | B172: 5E02 | C172: KEBUN GUNUNG MAS | D172: 2 | E172: GC Pemel | F172: 90043001 | G172: Act Type E-LBR | H172: 1. Gaji | I172: 230410437
A173: KS | B173: 5E02 | C173: KEBUN GUNUNG MAS | D173: 2 | E173: GC Pemel | F173: 90043000 | G173: Act Type E-SPV | H173: 1. Gaji | I173: 48894875
A174: KS | B174: 5E02 | C174: KEBUN GUNUNG MAS | D174: 2 | E174: #N/A | F174: 51100401 | G174: Bi Gaji dan Tunjanga | H174: 1. Gaji | I174: 14391378
A175: KS | B175: 5E02 | C175: KEBUN GUNUNG MAS | D175: 2 | E175: #N/A | F175: 51100608 | G175: Bi Keamanan | H175: 2. SPK | I175: 266333226
A176: KS | B176: 5E02 | C176: KEBUN GUNUNG MAS | D176: 2 | E176: #N/A | F176: 51100608 | G176: Bi Keamanan | H176: 6.Lain-Lain | I176: -88777742
A177: KS | B177: 5E03 | C177: KEBUN SUNGAI DEKAN | D177: 2 | E177: GC Panen | F177: 51100064 | G177: Bi Konsumsi Kebut Op | H177: 3. Bahan | I177: 9627997
A178: KS | B178: 5E03 | C178: KEBUN SUNGAI DEKAN | D178: 2 | E178: GC Panen | F178: 51100064 | G178: Bi Konsumsi Kebut Op | H178: 6.Lain-Lain | I178: 19360000
A179: KS | B179: 5E03 | C179: KEBUN SUNGAI DEKAN | D179: 2 | E179: GC Panen | F179: 90042077 | G179: Asst. Premi Panen | H179: 1. Gaji | I179: 88048808
A180: KS | B180: 5E03 | C180: KEBUN SUNGAI DEKAN | D180: 2 | E180: GC Panen | F180: 90043001 | G180: Act Type E-LBR | H180: 1. Gaji | I180: 280829498
A181: KS | B181: 5E03 | C181: KEBUN SUNGAI DEKAN | D181: 2 | E181: GC Panen | F181: 90043000 | G181: Act Type E-SPV | H181: 1. Gaji | I181: 131201627
A182: KS | B182: 5E03 | C182: KEBUN SUNGAI DEKAN | D182: 2 | E182: GC Pemel | F182: 51100064 | G182: Bi Konsumsi Kebut Op | H182: 3. Bahan | I182: 2249500
A183: KS | B183: 5E03 | C183: KEBUN SUNGAI DEKAN | D183: 2 | E183: GC Pemel | F183: 90043001 | G183: Act Type E-LBR | H183: 1. Gaji | I183: 199925200
A184: KS | B184: 5E03 | C184: KEBUN SUNGAI DEKAN | D184: 2 | E184: GC Pemel | F184: 90043000 | G184: Act Type E-SPV | H184: 1. Gaji | I184: 29157697
A185: KS | B185: 5E03 | C185: KEBUN SUNGAI DEKAN | D185: 2 | E185: #N/A | F185: 51100608 | G185: Bi Keamanan | H185: 2. SPK | I185: 175235396
A186: KS | B186: 5E03 | C186: KEBUN SUNGAI DEKAN | D186: 2 | E186: #N/A | F186: 51100608 | G186: Bi Keamanan | H186: 6.Lain-Lain | I186: -58334636
A187: KS | B187: 5E04 | C187: KEBUN RIMBA BELIAN | D187: 2 | E187: GC Panen | F187: 51100064 | G187: Bi Konsumsi Kebut Op | H187: 3. Bahan | I187: 14145304
A188: KS | B188: 5E04 | C188: KEBUN RIMBA BELIAN | D188: 2 | E188: GC Panen | F188: 51100064 | G188: Bi Konsumsi Kebut Op | H188: 6.Lain-Lain | I188: 1450000
A189: KS | B189: 5E04 | C189: KEBUN RIMBA BELIAN | D189: 2 | E189: GC Panen | F189: 90042077 | G189: Asst. Premi Panen | H189: 1. Gaji | I189: 19718845
A190: KS | B190: 5E04 | C190: KEBUN RIMBA BELIAN | D190: 2 | E190: GC Panen | F190: 90043001 | G190: Act Type E-LBR | H190: 1. Gaji | I190: 152203629
A191: KS | B191: 5E04 | C191: KEBUN RIMBA BELIAN | D191: 2 | E191: GC Panen | F191: 90043000 | G191: Act Type E-SPV | H191: 1. Gaji | I191: 55898594
A192: KS | B192: 5E04 | C192: KEBUN RIMBA BELIAN | D192: 2 | E192: GC Pemel | F192: 51100064 | G192: Bi Konsumsi Kebut Op | H192: 6.Lain-Lain | I192: 7300000
A193: KS | B193: 5E04 | C193: KEBUN RIMBA BELIAN | D193: 2 | E193: GC Pemel | F193: 90043001 | G193: Act Type E-LBR | H193: 1. Gaji | I193: 132131931
A194: KS | B194: 5E04 | C194: KEBUN RIMBA BELIAN | D194: 2 | E194: GC Pemel | F194: 90043000 | G194: Act Type E-SPV | H194: 1. Gaji | I194: 34379882
A195: KS | B195: 5E04 | C195: KEBUN RIMBA BELIAN | D195: 2 | E195: GC Pemel | F195: 51100107 | G195: Bi Pemel. Peralatan | H195: 6.Lain-Lain | I195: 410000
A196: KS | B196: 5E04 | C196: KEBUN RIMBA BELIAN | D196: 2 | E196: #N/A | F196: 51100608 | G196: Bi Keamanan | H196: 2. SPK | I196: 138228456
A197: KS | B197: 5E04 | C197: KEBUN RIMBA BELIAN | D197: 2 | E197: #N/A | F197: 51100608 | G197: Bi Keamanan | H197: 6.Lain-Lain | I197: -46076152
A198: KS | B198: 5E07 | C198: KEBUN NGABANG | D198: 2 | E198: GC Panen | F198: 51100064 | G198: Bi Konsumsi Kebut Op | H198: 3. Bahan | I198: 469737
A199: KS | B199: 5E07 | C199: KEBUN NGABANG | D199: 2 | E199: GC Panen | F199: 90042077 | G199: Asst. Premi Panen | H199: 1. Gaji | I199: 33587777
A200: KS | B200: 5E07 | C200: KEBUN NGABANG | D200: 2 | E200: GC Panen | F200: 90043001 | G200: Act Type E-LBR | H200: 1. Gaji | I200: 152306679
A201: KS | B201: 5E07 | C201: KEBUN NGABANG | D201: 2 | E201: GC Panen | F201: 90043000 | G201: Act Type E-SPV | H201: 1. Gaji | I201: 46709768
A202: KS | B202: 5E07 | C202: KEBUN NGABANG | D202: 2 | E202: GC Panen | F202: 51100062 | G202: Bi Kons Pers Bhn Kem | H202: 3. Bahan | I202: 6000000
A203: KS | B203: 5E07 | C203: KEBUN NGABANG | D203: 2 | E203: GC Pemel | F203: 51100064 | G203: Bi Konsumsi Kebut Op | H203: 3. Bahan | I203: 260000
A204: KS | B204: 5E07 | C204: KEBUN NGABANG | D204: 2 | E204: GC Pemel | F204: 90043001 | G204: Act Type E-LBR | H204: 1. Gaji | I204: 195342306
A205: KS | B205: 5E07 | C205: KEBUN NGABANG | D205: 2 | E205: GC Pemel | F205: 90043000 | G205: Act Type E-SPV | H205: 1. Gaji | I205: 31099949
A206: KS | B206: 5E07 | C206: KEBUN NGABANG | D206: 2 | E206: GC Pemel | F206: 51100651 | G206: Bi Pemel. Aset Tanam | H206: 6.Lain-Lain | I206: 6542000
A207: KS | B207: 5E07 | C207: KEBUN NGABANG | D207: 2 | E207: GC Pemel | F207: 51100003 | G207: Bi Kons. Psediaan Ba | H207: 6.Lain-Lain | I207: 0
A208: KS | B208: 5E07 | C208: KEBUN NGABANG | D208: 2 | E208: #N/A | F208: 51100608 | G208: Bi Keamanan | H208: 2. SPK | I208: 391247512
A209: KS | B209: 5E08 | C209: KEBUN PARINDU | D209: 2 | E209: GC Angkut | F209: 90042084 | G209: Asst Premi Pnggkutan | H209: 1. Gaji | I209: 1509690
A210: KS | B210: 5E08 | C210: KEBUN PARINDU | D210: 2 | E210: GC Angkut | F210: 90043001 | G210: Act Type E-LBR | H210: 1. Gaji | I210: 1573855
A211: KS | B211: 5E08 | C211: KEBUN PARINDU | D211: 2 | E211: GC Panen | F211: 51100064 | G211: Bi Konsumsi Kebut Op | H211: 3. Bahan | I211: 2713500
A212: KS | B212: 5E08 | C212: KEBUN PARINDU | D212: 2 | E212: GC Panen | F212: 51100064 | G212: Bi Konsumsi Kebut Op | H212: 6.Lain-Lain | I212: 470000
A213: KS | B213: 5E08 | C213: KEBUN PARINDU | D213: 2 | E213: GC Panen | F213: 90042077 | G213: Asst. Premi Panen | H213: 1. Gaji | I213: 26399452
A214: KS | B214: 5E08 | C214: KEBUN PARINDU | D214: 2 | E214: GC Panen | F214: 90043001 | G214: Act Type E-LBR | H214: 1. Gaji | I214: 108427625
A215: KS | B215: 5E08 | C215: KEBUN PARINDU | D215: 2 | E215: GC Panen | F215: 90043000 | G215: Act Type E-SPV | H215: 1. Gaji | I215: 66187439
A216: KS | B216: 5E08 | C216: KEBUN PARINDU | D216: 2 | E216: GC Pemel | F216: 90043001 | G216: Act Type E-LBR | H216: 1. Gaji | I216: 46774549
A217: KS | B217: 5E08 | C217: KEBUN PARINDU | D217: 2 | E217: GC Pemel | F217: 90043000 | G217: Act Type E-SPV | H217: 1. Gaji | I217: 36211771
A218: KS | B218: 5E08 | C218: KEBUN PARINDU | D218: 2 | E218: #N/A | F218: 51100608 | G218: Bi Keamanan | H218: 2. SPK | I218: 151797480
A219: KS | B219: 5E09 | C219: KEBUN KEMBAYAN | D219: 2 | E219: GC Angkut | F219: 90043001 | G219: Act Type E-LBR | H219: 1. Gaji | I219: 4186000
A220: KS | B220: 5E09 | C220: KEBUN KEMBAYAN | D220: 2 | E220: GC Panen | F220: 90042077 | G220: Asst. Premi Panen | H220: 1. Gaji | I220: 17324222
A221: KS | B221: 5E09 | C221: KEBUN KEMBAYAN | D221: 2 | E221: GC Panen | F221: 90043001 | G221: Act Type E-LBR | H221: 1. Gaji | I221: 175158819
A222: KS | B222: 5E09 | C222: KEBUN KEMBAYAN | D222: 2 | E222: GC Panen | F222: 90043000 | G222: Act Type E-SPV | H222: 1. Gaji | I222: 68233019
A223: KS | B223: 5E09 | C223: KEBUN KEMBAYAN | D223: 2 | E223: GC Panen | F223: 51100062 | G223: Bi Kons Pers Bhn Kem | H223: 3. Bahan | I223: 1785000
A224: KS | B224: 5E09 | C224: KEBUN KEMBAYAN | D224: 2 | E224: GC Pemel | F224: 90042080 | G224: Ast. Premi Pemel TBM | H224: 6.Lain-Lain | I224: 2611000
A225: KS | B225: 5E09 | C225: KEBUN KEMBAYAN | D225: 2 | E225: GC Pemel | F225: 90043001 | G225: Act Type E-LBR | H225: 1. Gaji | I225: 142670023
A226: KS | B226: 5E09 | C226: KEBUN KEMBAYAN | D226: 2 | E226: GC Pemel | F226: 90043000 | G226: Act Type E-SPV | H226: 1. Gaji | I226: 26675354
A227: KS | B227: 5E09 | C227: KEBUN KEMBAYAN | D227: 2 | E227: #N/A | F227: 51100608 | G227: Bi Keamanan | H227: 2. SPK | I227: 104446954
A228: KS | B228: 5E11 | C228: KEBUN DANAU SALAK | D228: 2 | E228: GC Panen | F228: 90042077 | G228: Asst. Premi Panen | H228: 1. Gaji | I228: 2869135
A229: KS | B229: 5E11 | C229: KEBUN DANAU SALAK | D229: 2 | E229: GC Panen | F229: 90043001 | G229: Act Type E-LBR | H229: 1. Gaji | I229: 144451414
A230: KS | B230: 5E11 | C230: KEBUN DANAU SALAK | D230: 2 | E230: GC Panen | F230: 90043000 | G230: Act Type E-SPV | H230: 1. Gaji | I230: 83580756
A231: KS | B231: 5E11 | C231: KEBUN DANAU SALAK | D231: 2 | E231: GC Pemel | F231: 90043001 | G231: Act Type E-LBR | H231: 1. Gaji | I231: 188479827
A232: KS | B232: 5E11 | C232: KEBUN DANAU SALAK | D232: 2 | E232: GC Pemel | F232: 90043000 | G232: Act Type E-SPV | H232: 1. Gaji | I232: 14332649
A233: KS | B233: 5E14 | C233: KEBUN PAMUKAN | D233: 2 | E233: GC Angkut | F233: 90043001 | G233: Act Type E-LBR | H233: 1. Gaji | I233: 6864788
A234: KS | B234: 5E14 | C234: KEBUN PAMUKAN | D234: 2 | E234: GC Panen | F234: 51100064 | G234: Bi Konsumsi Kebut Op | H234: 3. Bahan | I234: 2568480
A235: KS | B235: 5E14 | C235: KEBUN PAMUKAN | D235: 2 | E235: GC Panen | F235: 51100064 | G235: Bi Konsumsi Kebut Op | H235: 6.Lain-Lain | I235: 360000
A236: KS | B236: 5E14 | C236: KEBUN PAMUKAN | D236: 2 | E236: GC Panen | F236: 90042077 | G236: Asst. Premi Panen | H236: 1. Gaji | I236: 5735176
A237: KS | B237: 5E14 | C237: KEBUN PAMUKAN | D237: 2 | E237: GC Panen | F237: 90043001 | G237: Act Type E-LBR | H237: 1. Gaji | I237: 71289946
A238: KS | B238: 5E14 | C238: KEBUN PAMUKAN | D238: 2 | E238: GC Panen | F238: 90043000 | G238: Act Type E-SPV | H238: 1. Gaji | I238: 32009120
A239: KS | B239: 5E14 | C239: KEBUN PAMUKAN | D239: 2 | E239: GC Panen | F239: 90043002 | G239: Act Type E-KM | H239: 4. EAP | I239: 25670380
... A258: KS | B258: 5E16 | C258: KEBUN TABARA | D258: 2 | E258: GC Pemel | F258: 90043000 | G258: Act Type E-SPV | H258: 1. Gaji | I258: 94427654
A259: KS | B259: 5E16 | C259: KEBUN TABARA | D259: 2 | E259: #N/A | F259: 51100608 | G259: Bi Keamanan | H259: 2. SPK | I259: 1162849880
A260: KS | B260: 5E16 | C260: KEBUN TABARA | D260: 2 | E260: #N/A | F260: 51100608 | G260: Bi Keamanan | H260: 6.Lain-Lain | I260: -581502170
A261: KS | B261: 5E17 | C261: KEBUN TAJATI | D261: 2 | E261: GC Panen | F261: 90042077 | G261: Asst. Premi Panen | H261: 1. Gaji | I261: 5694315
A262: KS | B262: 5E17 | C262: KEBUN TAJATI | D262: 2 | E262: GC Panen | F262: 90043001 | G262: Act Type E-LBR | H262: 1. Gaji | I262: 181142649
A263: KS | B263: 5E17 | C263: KEBUN TAJATI | D263: 2 | E263: GC Panen | F263: 90043000 | G263: Act Type E-SPV | H263: 1. Gaji | I263: 52284820
...

Sheet DB BTL
A1: Kode | B1: Plant | C1: Unit Kerja | D1: Period | E1: Kode CC | F1: CO Object Name | G1: Cost Element | H1: Cost element name | I1: Klasifikasi | J1: Nilai
A2: KR | B2: 5E06 | C2: KEBUN SINTANG | D2: 1 | E2: BT01 | F2: GAJI & BISOS KARPIM | G2: 51100401 | H2: Bi Gaji dan Tunjanga | I2: 1. Gaji | J2: 10104644
A3: KR | B3: 5E06 | C3: KEBUN SINTANG | D3: 1 | E3: BT01 | F3: GAJI & BISOS KARPIM | G3: 51100403 | H3: Biaya Tunjangan PPH | I3: 1. Gaji | J3: 224557
A4: KR | B4: 5E06 | C4: KEBUN SINTANG | D4: 1 | E4: BT01 | F4: GAJI & BISOS KARPIM | G4: 51100427 | H4: BPJS TK - Jaminan Pe | I4: 1. Gaji | J4: 136530
A5: KR | B5: 5E06 | C5: KEBUN SINTANG | D5: 1 | E5: BT01 | F5: GAJI & BISOS KARPIM | G5: 51100429 | H5: BPJS Kesehatan - Per | I5: 1. Gaji | J5: 341326
A6: KR | B6: 5E06 | C6: KEBUN SINTANG | D6: 1 | E6: BT01 | F6: GAJI & BISOS KARPIM | G6: 51100433 | H6: DAPENBUN - Perusahaa | I6: 1. Gaji | J6: 0
A7: KR | B7: 5E06 | C7: KEBUN SINTANG | D7: 1 | E7: BT01 | F7: GAJI & BISOS KARPIM | G7: 51100440 | H7: BPJS TK - Jaminan Ha | I7: 1. Gaji | J7: 252581
A8: KR | B8: 5E06 | C8: KEBUN SINTANG | D8: 1 | E8: BT01 | F8: GAJI & BISOS KARPIM | G8: 51100441 | H8: BPJS TK - Jaminan Ke | I8: 1. Gaji | J8: 36863
A9: KR | B9: 5E06 | C9: KEBUN SINTANG | D9: 1 | E9: BT01 | F9: GAJI & BISOS KARPIM | G9: 51100442 | H9: BPJS TK - Jaminan Ke | I9: 1. Gaji | J9: 20480
A10: KR | B10: 5E06 | C10: KEBUN SINTANG | D10: 1 | E10: BT02 | F10: GAJI & BISOS KARPEL | G10: 90043001 | H10: Act Type E-LBR | I10: 1. Gaji | J10: 5468500
A11: KR | B11: 5E06 | C11: KEBUN SINTANG | D11: 1 | E11: BT04 | F11: PEMEL BANGUNAN RUMAH | G11: 51100100 | H11: Bi Pemel. Rumah Dina | I11: 6.Lain-Lain | J11: 373000
A12: KR | B12: 5E06 | C12: KEBUN SINTANG | D12: 1 | E12: BT05 | F12: PEMEL B. PERUSAHAAN | G12: 51100101 | H12: Bi Pemel. Bangunan P | I12: 6.Lain-Lain | J12: 3125000
A13: KR | B13: 5E06 | C13: KEBUN SINTANG | D13: 1 | E13: BT05 | F13: PEMEL B. PERUSAHAAN | G13: 51100609 | H13: Bi Bahan Bakar | I13: 6.Lain-Lain | J13: 50000
... A3570: KS | B3570: 5E19 | C3570: KEBUN LONGKALI | D3570: 5 | E3570: BT10 | F3570: PAJAK BUMI &BANGUNAN | G3570: 51100633 | H3570: Bi PBB | I3570: 6.Lain-Lain | J3570: 112260417

Sheet Pivot Kontrol beban
G2: % | P2: %
G3: {=IFERROR(D3:D640/E3:E640*100,0)} -> 88.18358 | P3: {=IFERROR(M3:M640/N3:N640*100,0)} -> 100
G4: 72.55485 | P4: 100
G5: 80.383349 | P5: 100
G6: 89.973917 | P6: 100
G7: 100.00001 | P7: 100
G8: 127.07589 | P8: 100
G9: 95.205616 | P9: 100
G10: 96.829003 | P10: 100
G11: 144.57277 | P11: 100
G12: 515.57438 | P12: 100
G13: 0 | P13: 100
G14: 159.99747 | P14: 100
G15: 90.241809 | P15: 100
... G640: 0 | P640: 0

Sheet K-Act1
A1: PT. PERKEBUNAN NUSANTARA IV - REGINAL V
A2: MONITORING CAPAIAN BIAYA PRODUKSI
A3: =UPPER('Balin-A'!E5) -> BULAN MEI 2026
A5: No | B5: Uraian | C5: Ket | D5: Sat | E5: Unit Kerja
E6: Balin | F6: Kumai | G6: Sinta | H6: Lokal | I6: Jlh
A7: I. | B7: BIAYA PEMELIHARAAN TANAMAN
A8: 1 | B8: Gaji/Upah & Biaya Karpim Tanaman | C8: Bln Ini | D8: Rp.000 | E8: ='Balin-A'!$E$14/1000 -> 105921.18 | F8: ='Kumai-A'!$E$14/1000 -> 0 | G8: ='Sinta-A'!$E$14/1000 -> 24059.534 | H8: ='Lokal-A'!$E$14/1000 -> 0 | I8: =sum(E8:H8) -> 129980.71
C9: Bln Lalu | D9: Rp.000 | E9: ='Balin-A'!$F$14/1000 -> 725438.24 | F9: ='Kumai-A'!$F$14/1000 -> 0 | G9: ='Sinta-A'!$F$14/1000 -> 238057.74 | H9: ='Lokal-A'!$F$14/1000 -> 80487.721 | I9: =sum(E9:H9) -> 1043983.7
C10: Thn Lalu | D10: Rp.000 | E10: ='Balin-A'!$G$14/1000 -> 66095.992 | F10: ='Kumai-A'!$G$14/1000 -> 0 | G10: ='Sinta-A'!$G$14/1000 -> 18144.433 | H10: ='Lokal-A'!$G$14/1000 -> 0 | I10: =sum(E10:H10) -> 84240.425
C11: RKO | D11: Rp.000 | E11: ='Balin-A'!$H$14/1000 -> 65272.351 | F11: ='Kumai-A'!$H$14/1000 -> 0 | G11: ='Sinta-A'!$H$14/1000 -> 0 | H11: ='Lokal-A'!$H$14/1000 -> 0 | I11: =sum(E11:H11) -> 65272.351
C12: RKAP | D12: Rp.000 | E12: ='Balin-A'!$I$14/1000 -> 65272.351 | F12: ='Kumai-A'!$I$14/1000 -> 0 | G12: ='Sinta-A'!$I$14/1000 -> 0 | H12: ='Lokal-A'!$I$14/1000 -> 0 | I12: =sum(E12:H12) -> 65272.351
C14: %/tase Bln Ini thdp Bln Lalu | D14: % | E14: =IFERROR(E8/E9*100,0) -> 14.600992 | F14: =IFERROR(F8/F9*100,0) -> 0 | G14: =IFERROR(G8/G9*100,0) -> 10.106596 | H14: =IFERROR(H8/H9*100,0) -> 0 | I14: =IFERROR(I8/I9*100,0) -> 12.450454
C15: %/tase Bln Ini thdp Thn Lalu | D15: % | E15: =IFERROR(E8/E10*100,0) -> 160.25356 | F15: =IFERROR(F8/F10*100,0) -> 0 | G15: =IFERROR(G8/G10*100,0) -> 132.60009 | H15: =IFERROR(H8/H10*100,0) -> 0 | I15: =IFERROR(I8/I10*100,0) -> 154.29731
C16: %/tase Bln Ini thdp RKO | D16: % | E16: =IFERROR(E8/E11*100,0) -> 162.27572 | F16: =IFERROR(F8/F11*100,0) -> 0 | G16: =IFERROR(G8/G11*100,0) -> 0 | H16: =IFERROR(H8/H11*100,0) -> 0 | I16: =IFERROR(I8/I11*100,0) -> 199.13594
C17: %/tase Bln Ini thdp RKAP | D17: % | E17: =IFERROR(E8/E12*100,0) -> 162.27572 | F17: =IFERROR(F8/F12*100,0) -> 0 | G17: =IFERROR(G8/G12*100,0) -> 0 | H17: =IFERROR(H8/H12*100,0) -> 0 | I17: =IFERROR(I8/I12*100,0) -> 199.13594
A19: 2 | B19: Pemel jalan, jembatan, & saluran air | C19: Bln Ini | D19: Rp.000 | E19: ='Balin-A'!$E$32/1000 -> 31997.642 | F19: ='Kumai-A'!$E$32/1000 -> 0 | G19: ='Sinta-A'!$E$32/1000 -> 0 | H19: ='Lokal-A'!$E$32/1000 -> 0 | I19: =sum(E19:H19) -> 31997.642
C20: Bln Lalu | D20: Rp.000 | E20: ='Balin-A'!$F$32/1000 -> 26271.3 | F20: ='Kumai-A'!$F$32/1000 -> 0 | G20: ='Sinta-A'!$F$32/1000 -> 0 | H20: ='Lokal-A'!$F$32/1000 -> 0 | I20: =sum(E20:H20) -> 26271.3
C21: Thn Lalu | D21: Rp.000 | E21: ='Balin-A'!$G$32/1000 -> 23271.917 | F21: ='Kumai-A'!$G$32/1000 -> 0 | G21: ='Sinta-A'!$G$32/1000 -> 0 | H21: ='Lokal-A'!$G$32/1000 -> 0 | I21: =sum(E21:H21) -> 23271.917
C22: RKO | D22: Rp.000 | E22: ='Balin-A'!$H$32/1000 -> 160.172 | F22: ='Kumai-A'!$H$32/1000 -> 0 | G22: ='Sinta-A'!$H$32/1000 -> 0 | H22: ='Lokal-A'!$H$32/1000 -> 0 | I22: =sum(E22:H22) -> 160.172
C23: RKAP | D23: Rp.000 | E23: ='Balin-A'!$I$32/1000 -> 160.172 | F23: ='Kumai-A'!$I$32/1000 -> 0 | G23: ='Sinta-A'!$I$32/1000 -> 0 | H23: ='Lokal-A'!$I$32/1000 -> 0 | I23: =sum(E23:H23) -> 160.172
C25: %/tase Bln Ini thdp Bln Lalu | D25: % | E25: =IFERROR(E19/E20*100,0) -> 121.79695 | F25: =IFERROR(F19/F20*100,0) -> 0 | G25: =IFERROR(G19/G20*100,0) -> 0 | H25: =IFERROR(H19/H20*100,0) -> 0 | I25: =IFERROR(I19/I20*100,0) -> 121.79695
C26: %/tase Bln Ini thdp Thn Lalu | D26: % | E26: =IFERROR(E19/E21*100,0) -> 137.49465 | F26: =IFERROR(F19/F21*100,0) -> 0 | G26: =IFERROR(G19/G21*100,0) -> 0 | H26: =IFERROR(H19/H21*100,0) -> 0 | I26: =IFERROR(I19/I21*100,0) -> 137.49465
C27: %/tase Bln Ini thdp RKO | D27: % | E27: =IFERROR(E19/E22*100,0) -> 19977.051 | F27: =IFERROR(F19/F22*100,0) -> 0 | G27: =IFERROR(G19/G22*100,0) -> 0 | H27: =IFERROR(H19/H22*100,0) -> 0 | I27: =IFERROR(I19/I22*100,0) -> 19977.051
C28: %/tase Bln Ini thdp RKAP | D28: % | E28: =IFERROR(E19/E23*100,0) -> 19977.051 | F28: =IFERROR(F19/F23*100,0) -> 0 | G28: =IFERROR(G19/G23*100,0) -> 0 | H28: =IFERROR(H19/H23*100,0) -> 0 | I28: =IFERROR(I19/I23*100,0) -> 19977.051
A30: 3 | B30: Pemangkasan / Tunas | C30: Bln Ini | D30: Rp.000 | E30: ='Balin-A'!$E$34/1000 -> 0 | F30: ='Kumai-A'!$E$34/1000 -> 0 | G30: ='Sinta-A'!$E$34/1000 -> 0 | H30: ='Lokal-A'!$E$34/1000 -> 0 | I30: =sum(E30:H30) -> 0
C31: Bln Lalu | D31: Rp.000 | E31: ='Balin-A'!$F$34/1000 -> 0 | F31: ='Kumai-A'!$F$34/1000 -> 0 | G31: ='Sinta-A'!$F$34/1000 -> 0 | H31: ='Lokal-A'!$F$34/1000 -> 0 | I31: =sum(E31:H31) -> 0
C32: Thn Lalu | D32: Rp.000 | E32: ='Balin-A'!$G$34/1000 -> 0 | F32: ='Kumai-A'!$G$34/1000 -> 0 | G32: ='Sinta-A'!$G$34/1000 -> 0 | H32: ='Lokal-A'!$G$34/1000 -> 0 | I32: =sum(E32:H32) -> 0
C33: RKO | D33: Rp.000 | E33: ='Balin-A'!$H$34/1000 -> 0 | F33: ='Kumai-A'!$H$34/1000 -> 0 | G33: ='Sinta-A'!$H$34/1000 -> 0 | H33: ='Lokal-A'!$H$34/1000 -> 0 | I33: =sum(E33:H33) -> 0
C34: RKAP | D34: Rp.000 | E34: ='Balin-A'!$I$34/1000 -> 0 | F34: ='Kumai-A'!$I$34/1000 -> 0 | G34: ='Sinta-A'!$I$34/1000 -> 0 | H34: ='Lokal-A'!$I$34/1000 -> 0 | I34: =sum(E34:H34) -> 0
C36: %/tase Bln Ini thdp Bln Lalu | D36: % | E36: =IFERROR(E30/E31*100,0) -> 0 | F36: =IFERROR(F30/F31*100,0) -> 0 | G36: =IFERROR(G30/G31*100,0) -> 0 | H36: =IFERROR(H30/H31*100,0) -> 0 | I36: =IFERROR(I30/I31*100,0) -> 0
C37: %/tase Bln Ini thdp Thn Lalu | D37: % | E37: =IFERROR(E30/E32*100,0) -> 0 | F37: =IFERROR(F30/F32*100,0) -> 0 | G37: =IFERROR(G30/G32*100,0) -> 0 | H37: =IFERROR(H30/H32*100,0) -> 0 | I37: =IFERROR(I30/I32*100,0) -> 0
C38: %/tase Bln Ini thdp RKO | D38: % | E38: =IFERROR(E30/E33*100,0) -> 0 | F38: =IFERROR(F30/F33*100,0) -> 0 | G38: =IFERROR(G30/G33*100,0) -> 0 | H38: =IFERROR(H30/H33*100,0) -> 0 | I38: =IFERROR(I30/I33*100,0) -> 0
C39: %/tase Bln Ini thdp RKAP | D39: % | E39: =IFERROR(E30/E34*100,0) -> 0 | F39: =IFERROR(F30/F34*100,0) -> 0 | G39: =IFERROR(G30/G34*100,0) -> 0 | H39: =IFERROR(H30/H34*100,0) -> 0 | I39: =IFERROR(I30/I34*100,0) -> 0
A41: 4 | B41: Pengendalian Gulma | C41: Bln Ini | D41: Rp.000 | E41: ='Balin-A'!$E$45/1000 -> 81857.408 | F41: ='Kumai-A'!$E$45/1000 -> 0 | G41: ='Sinta-A'!$E$45/1000 -> 0 | H41: ='Lokal-A'!$E$45/1000 -> 0 | I41: =sum(E41:H41) -> 81857.408
C42: Bln Lalu | D42: Rp.000 | E42: ='Balin-A'!$F$45/1000 -> 39005.879 | F42: ='Kumai-A'!$F$45/1000 -> 0 | G42: ='Sinta-A'!$F$45/1000 -> 0 | H42: ='Lokal-A'!$F$45/1000 -> 0 | I42: =sum(E42:H42) -> 39005.879
C43: Thn Lalu | D43: Rp.000 | E43: ='Balin-A'!$G$45/1000 -> 46575.686 | F43: ='Kumai-A'!$G$45/1000 -> 0 | G43: ='Sinta-A'!$G$45/1000 -> 0 | H43: ='Lokal-A'!$G$45/1000 -> 0 | I43: =sum(E43:H43) -> 46575.686
C44: RKO | D44: Rp.000 | E44: ='Balin-A'!$H$45/1000 -> 78138.964 | F44: ='Kumai-A'!$H$45/1000 -> 0 | G44: ='Sinta-A'!$H$45/1000 -> 0 | H44: ='Lokal-A'!$H$45/1000 -> 0 | I44: =sum(E44:H44) -> 78138.964
C45: RKAP | D45: Rp.000 | E45: ='Balin-A'!$I$45/1000 -> 78138.964 | F45: ='Kumai-A'!$I$45/1000 -> 0 | G45: ='Sinta-A'!$I$45/1000 -> 0 | H45: ='Lokal-A'!$I$45/1000 -> 0 | I45: =sum(E45:H45) -> 78138.964
C47: %/tase Bln Ini thdp Bln Lalu | D47: % | E47: =IFERROR(E41/E42*100,0) -> 209.85915 | F47: =IFERROR(F41/F42*100,0) -> 0 | G47: =IFERROR(G41/G42*100,0) -> 0 | H47: =IFERROR(H41/H42*100,0) -> 0 | I47: =IFERROR(I41/I42*100,0) -> 209.85915
C48: %/tase Bln Ini thdp Thn Lalu | D48: % | E48: =IFERROR(E41/E43*100,0) -> 175.75137 | F48: =IFERROR(F41/F43*100,0) -> 0 | G48: =IFERROR(G41/G43*100,0) -> 0 | H48: =IFERROR(H41/H43*100,0) -> 0 | I48: =IFERROR(I41/I43*100,0) -> 175.75137
C49: %/tase Bln Ini thdp RKO | D49: % | E49: =IFERROR(E41/E44*100,0) -> 104.75876 | F49: =IFERROR(F41/F44*100,0) -> 0 | G49: =IFERROR(G41/G44*100,0) -> 0 | H49: =IFERROR(H41/H44*100,0) -> 0 | I49: =IFERROR(I41/I44*100,0) -> 104.75876
C50: %/tase Bln Ini thdp RKAP | D50: % | E50: =IFERROR(E41/E45*100,0) -> 104.75876 | F50: =IFERROR(F41/F45*100,0) -> 0 | G50: =IFERROR(G41/G45*100,0) -> 0 | H50: =IFERROR(H41/H45*100,0) -> 0 | I50: =IFERROR(I41/I45*100,0) -> 104.75876
A52: 5 | B52: Pengendalian Hama & Penyakit | C52: Bln Ini | D52: Rp.000 | E52: ='Balin-A'!$E$58/1000 -> 2943.589 | F52: ='Kumai-A'!$E$58/1000 -> 0 | G52: ='Sinta-A'!$E$58/1000 -> 0 | H52: ='Lokal-A'!$E$58/1000 -> 0 | I52: =sum(E52:H52) -> 2943.589
C53: Bln Lalu | D53: Rp.000 | E53: ='Balin-A'!$F$58/1000 -> 2900.301 | F53: ='Kumai-A'!$F$58/1000 -> 0 | G53: ='Sinta-A'!$F$58/1000 -> 0 | H53: ='Lokal-A'!$F$58/1000 -> 0 | I53: =sum(E53:H53) -> 2900.301
C54: Thn Lalu | D54: Rp.000 | E54: ='Balin-A'!$G$58/1000 -> 7387.346 | F54: ='Kumai-A'!$G$58/1000 -> 0 | G54: ='Sinta-A'!$G$58/1000 -> 0 | H54: ='Lokal-A'!$G$58/1000 -> 0 | I54: =sum(E54:H54) -> 7387.346
C55: RKO | D55: Rp.000 | E55: ='Balin-A'!$H$58/1000 -> 0 | F55: ='Kumai-A'!$H$58/1000 -> 0 | G55: ='Sinta-A'!$H$58/1000 -> 0 | H55: ='Lokal-A'!$H$58/1000 -> 0 | I55: =sum(E55:H55) -> 0
C56: RKAP | D56: Rp.000 | E56: ='Balin-A'!$I$58/1000 -> 0 | F56: ='Kumai-A'!$I$58/1000 -> 0 | G56: ='Sinta-A'!$I$58/1000 -> 0 | H56: ='Lokal-A'!$I$58/1000 -> 0 | I56: =sum(E56:H56) -> 0
C58: %/tase Bln Ini thdp Bln Lalu | D58: % | E58: =IFERROR(E52/E53*100,0) -> 101.49253 | F58: =IFERROR(F52/F53*100,0) -> 0 | G58: =IFERROR(G52/G53*100,0) -> 0 | H58: =IFERROR(H52/H53*100,0) -> 0 | I58: =IFERROR(I52/I53*100,0) -> 101.49253
C59: %/tase Bln Ini thdp Thn Lalu | D59: % | E59: =IFERROR(E52/E54*100,0) -> 39.846367 | F59: =IFERROR(F52/F54*100,0) -> 0 | G59: =IFERROR(G52/G54*100,0) -> 0 | H59: =IFERROR(H52/H54*100,0) -> 0 | I59: =IFERROR(I52/I54*100,0) -> 39.846367
C60: %/tase Bln Ini thdp RKO | D60: % | E60: =IFERROR(E52/E55*100,0) -> 0 | F60: =IFERROR(F52/F55*100,0) -> 0 | G60: =IFERROR(G52/G55*100,0) -> 0 | H60: =IFERROR(H52/H55*100,0) -> 0 | I60: =IFERROR(I52/I55*100,0) -> 0
C61: %/tase Bln Ini thdp RKAP | D61: % | E61: =IFERROR(E52/E56*100,0) -> 0 | F61: =IFERROR(F52/F56*100,0) -> 0 | G61: =IFERROR(G52/G56*100,0) -> 0 | H61: =IFERROR(H52/H56*100,0) -> 0 | I61: =IFERROR(I52/I56*100,0) -> 0
A63: 6 | B63: Penyerbukan Buatan | C63: Bln Ini | D63: Rp.000 | E63: ='Balin-A'!$E$64/1000 -> 0 | F63: ='Kumai-A'!$E$64/1000 -> 0 | G63: ='Sinta-A'!$E$64/1000 -> 0 | H63: ='Lokal-A'!$E$64/1000 -> 0 | I63: =sum(E63:H63) -> 0
C64: Bln Lalu | D64: Rp.000 | E64: ='Balin-A'!$F$64/1000 -> 0 | F64: ='Kumai-A'!$F$64/1000 -> 0 | G64: ='Sinta-A'!$F$64/1000 -> 0 | H64: ='Lokal-A'!$F$64/1000 -> 0 | I64: =sum(E64:H64) -> 0
C65: Thn Lalu | D65: Rp.000 | E65: ='Balin-A'!$G$64/1000 -> 0 | F65: ='Kumai-A'!$G$64/1000 -> 0 | G65: ='Sinta-A'!$G$64/1000 -> 0 | H65: ='Lokal-A'!$G$64/1000 -> 0 | I65: =sum(E65:H65) -> 0
C66: RKO | D66: Rp.000 | E66: ='Balin-A'!$H$64/1000 -> 0 | F66: ='Kumai-A'!$H$64/1000 -> 0 | G66: ='Sinta-A'!$H$64/1000 -> 0 | H66: ='Lokal-A'!$H$64/1000 -> 0 | I66: =sum(E66:H66) -> 0
C67: RKAP | D67: Rp.000 | E67: ='Balin-A'!$I$64/1000 -> 0 | F67: ='Kumai-A'!$I$64/1000 -> 0 | G67: ='Sinta-A'!$I$64/1000 -> 0 | H67: ='Lokal-A'!$I$64/1000 -> 0 | I67: =sum(E67:H67) -> 0
C69: %/tase Bln Ini thdp Bln Lalu | D69: % | E69: =IFERROR(E63/E64*100,0) -> 0 | F69: =IFERROR(F63/F64*100,0) -> 0 | G69: =IFERROR(G63/G64*100,0) -> 0 | H69: =IFERROR(H63/H64*100,0) -> 0 | I69: =IFERROR(I63/I64*100,0) -> 0
C70: %/tase Bln Ini thdp Thn Lalu | D70: % | E70: =IFERROR(E63/E65*100,0) -> 0 | F70: =IFERROR(F63/F65*100,0) -> 0 | G70: =IFERROR(G63/G65*100,0) -> 0 | H70: =IFERROR(H63/H65*100,0) -> 0 | I70: =IFERROR(I63/I65*100,0) -> 0
C71: %/tase Bln Ini thdp RKO | D71: % | E71: =IFERROR(E63/E66*100,0) -> 0 | F71: =IFERROR(F63/F66*100,0) -> 0 | G71: =IFERROR(G63/G66*100,0) -> 0 | H71: =IFERROR(H63/H66*100,0) -> 0 | I71: =IFERROR(I63/I66*100,0) -> 0
C72: %/tase Bln Ini thdp RKAP | D72: % | E72: =IFERROR(E63/E67*100,0) -> 0 | F72: =IFERROR(F63/F67*100,0) -> 0 | G72: =IFERROR(G63/G67*100,0) -> 0 | H72: =IFERROR(H63/H67*100,0) -> 0 | I72: =IFERROR(I63/I67*100,0) -> 0
A74: 7 | B74: Penyisipan/Sisip Tanaman | C74: Bln Ini | D74: Rp.000 | E74: ='Balin-A'!$E$69/1000 -> 0 | F74: ='Kumai-A'!$E$69/1000 -> 0 | G74: ='Sinta-A'!$E$69/1000 -> 0 | H74: ='Lokal-A'!$E$69/1000 -> 0 | I74: =sum(E74:H74) -> 0
C75: Bln Lalu | D75: Rp.000 | E75: ='Balin-A'!$F$69/1000 -> 0 | F75: ='Kumai-A'!$F$69/1000 -> 0 | G75: ='Sinta-A'!$F$69/1000 -> 0 | H75: ='Lokal-A'!$F$69/1000 -> 0 | I75: =sum(E75:H75) -> 0
C76: Thn Lalu | D76: Rp.000 | E76: ='Balin-A'!$G$69/1000 -> 0 | F76: ='Kumai-A'!$G$69/1000 -> 0 | G76: ='Sinta-A'!$G$69/1000 -> 0 | H76: ='Lokal-A'!$G$69/1000 -> 0 | I76: =sum(E76:H76) -> 0
C77: RKO | D77: Rp.000 | E77: ='Balin-A'!$H$69/1000 -> 0 | F77: ='Kumai-A'!$H$69/1000 -> 0 | G77: ='Sinta-A'!$H$69/1000 -> 0 | H77: ='Lokal-A'!$H$69/1000 -> 0 | I77: =sum(E77:H77) -> 0
C78: RKAP | D78: Rp.000 | E78: ='Balin-A'!$I$69/1000 -> 0 | F78: ='Kumai-A'!$I$69/1000 -> 0 | G78: ='Sinta-A'!$I$69/1000 -> 0 | H78: ='Lokal-A'!$I$69/1000 -> 0 | I78: =sum(E78:H78) -> 0
C80: %/tase Bln Ini thdp Bln Lalu | D80: % | E80: =IFERROR(E74/E75*100,0) -> 0 | F80: =IFERROR(F74/F75*100,0) -> 0 | G80: =IFERROR(G74/G75*100,0) -> 0 | H80: =IFERROR(H74/H75*100,0) -> 0 | I80: =IFERROR(I74/I75*100,0) -> 0
C81: %/tase Bln Ini thdp Thn Lalu | D81: % | E81: =IFERROR(E74/E76*100,0) -> 0 | F81: =IFERROR(F74/F76*100,0) -> 0 | G81: =IFERROR(G74/G76*100,0) -> 0 | H81: =IFERROR(H74/H76*100,0) -> 0 | I81: =IFERROR(I74/I76*100,0) -> 0
C82: %/tase Bln Ini thdp RKO | D82: % | E82: =IFERROR(E74/E77*100,0) -> 0 | F82: =IFERROR(F74/F77*100,0) -> 0 | G82: =IFERROR(G74/G77*100,0) -> 0 | H82: =IFERROR(H74/H77*100,0) -> 0 | I82: =IFERROR(I74/I77*100,0) -> 0
C83: %/tase Bln Ini thdp RKAP | D83: % | E83: =IFERROR(E74/E78*100,0) -> 0 | F83: =IFERROR(F74/F78*100,0) -> 0 | G83: =IFERROR(G74/G78*100,0) -> 0 | H83: =IFERROR(H74/H78*100,0) -> 0 | I83: =IFERROR(I74/I78*100,0) -> 0
A85: 8 | B85: Sensus Pokok & Konsolidasi Tanaman | C85: Bln Ini | D85: Rp.000 | E85: ='Balin-A'!$E$73/1000 -> 0 | F85: ='Kumai-A'!$E$73/1000 -> 0 | G85: ='Sinta-A'!$E$73/1000 -> 0 | H85: ='Lokal-A'!$E$73/1000 -> 0 | I85: =sum(E85:H85) -> 0
C86: Bln Lalu | D86: Rp.000 | E86: ='Balin-A'!$F$73/1000 -> 0 | F86: ='Kumai-A'!$F$73/1000 -> 0 | G86: ='Sinta-A'!$F$73/1000 -> 0 | H86: ='Lokal-A'!$F$73/1000 -> 0 | I86: =sum(E86:H86) -> 0
C87: Thn Lalu | D87: Rp.000 | E87: ='Balin-A'!$G$73/1000 -> 0 | F87: ='Kumai-A'!$G$73/1000 -> 0 | G87: ='Sinta-A'!$G$73/1000 -> 0 | H87: ='Lokal-A'!$G$73/1000 -> 0 | I87: =sum(E87:H87) -> 0
C88: RKO | D88: Rp.000 | E88: ='Balin-A'!$H$73/1000 -> 0 | F88: ='Kumai-A'!$H$73/1000 -> 0 | G88: ='Sinta-A'!$H$73/1000 -> 0 | H88: ='Lokal-A'!$H$73/1000 -> 0 | I88: =sum(E88:H88) -> 0
C89: RKAP | D89: Rp.000 | E89: ='Balin-A'!$I$73/1000 -> 0 | F89: ='Kumai-A'!$I$73/1000 -> 0 | G89: ='Sinta-A'!$I$73/1000 -> 0 | H89: ='Lokal-A'!$I$73/1000 -> 0 | I89: =sum(E89:H89) -> 0
C91: %/tase Bln Ini thdp Bln Lalu | D91: % | E91: =IFERROR(E85/E86*100,0) -> 0 | F91: =IFERROR(F85/F86*100,0) -> 0 | G91: =IFERROR(G85/G86*100,0) -> 0 | H91: =IFERROR(H85/H86*100,0) -> 0 | I91: =IFERROR(I85/I86*100,0) -> 0
C92: %/tase Bln Ini thdp Thn Lalu | D92: % | E92: =IFERROR(E85/E87*100,0) -> 0 | F92: =IFERROR(F85/F87*100,0) -> 0 | G92: =IFERROR(G85/G87*100,0) -> 0 | H92: =IFERROR(H85/H87*100,0) -> 0 | I92: =IFERROR(I85/I87*100,0) -> 0
C93: %/tase Bln Ini thdp RKO | D93: % | E93: =IFERROR(E85/E88*100,0) -> 0 | F93: =IFERROR(F85/F88*100,0) -> 0 | G93: =IFERROR(G85/G88*100,0) -> 0 | H93: =IFERROR(H85/H88*100,0) -> 0 | I93: =IFERROR(I85/I88*100,0) -> 0
C94: %/tase Bln Ini thdp RKAP | D94: % | E94: =IFERROR(E85/E89*100,0) -> 0 | F94: =IFERROR(F85/F89*100,0) -> 0 | G94: =IFERROR(G85/G89*100,0) -> 0 | H94: =IFERROR(H85/H89*100,0) -> 0 | I94: =IFERROR(I85/I89*100,0) -> 0
A96: 9 | B96: Persilangan Pohon Induk | C96: Bln Ini | D96: Rp.000 | E96: ='Balin-A'!$E$76/1000 -> 0 | F96: ='Kumai-A'!$E$76/1000 -> 0 | G96: ='Sinta-A'!$E$76/1000 -> 0 | H96: ='Lokal-A'!$E$76/1000 -> 0 | I96: =sum(E96:H96) -> 0
C97: Bln Lalu | D97: Rp.000 | E97: ='Balin-A'!$F$76/1000 -> 0 | F97: ='Kumai-A'!$F$76/1000 -> 0 | G97: ='Sinta-A'!$F$76/1000 -> 0 | H97: ='Lokal-A'!$F$76/1000 -> 0 | I97: =sum(E97:H97) -> 0
C98: Thn Lalu | D98: Rp.000 | E98: ='Balin-A'!$G$76/1000 -> 0 | F98: ='Kumai-A'!$G$76/1000 -> 0 | G98: ='Sinta-A'!$G$76/1000 -> 0 | H98: ='Lokal-A'!$G$76/1000 -> 0 | I98: =sum(E98:H98) -> 0
C99: RKO | D99: Rp.000 | E99: ='Balin-A'!$H$76/1000 -> 0 | F99: ='Kumai-A'!$H$76/1000 -> 0 | G99: ='Sinta-A'!$H$76/1000 -> 0 | H99: ='Lokal-A'!$H$76/1000 -> 0 | I99: =sum(E99:H99) -> 0
C100: RKAP | D100: Rp.000 | E100: ='Balin-A'!$I$76/1000 -> 0 | F100: ='Kumai-A'!$I$76/1000 -> 0 | G100: ='Sinta-A'!$I$76/1000 -> 0 | H100: ='Lokal-A'!$I$76/1000 -> 0 | I100: =sum(E100:H100) -> 0
C102: %/tase Bln Ini thdp Bln Lalu | D102: % | E102: =IFERROR(E96/E97*100,0) -> 0 | F102: =IFERROR(F96/F97*100,0) -> 0 | G102: =IFERROR(G96/G97*100,0) -> 0 | H102: =IFERROR(H96/H97*100,0) -> 0 | I102: =IFERROR(I96/I97*100,0) -> 0
C103: %/tase Bln Ini thdp Thn Lalu | D103: % | E103: =IFERROR(E96/E98*100,0) -> 0 | F103: =IFERROR(F96/F98*100,0) -> 0 | G103: =IFERROR(G96/G98*100,0) -> 0 | H103: =IFERROR(H96/H98*100,0) -> 0 | I103: =IFERROR(I96/I98*100,0) -> 0
C104: %/tase Bln Ini thdp RKO | D104: % | E104: =IFERROR(E96/E99*100,0) -> 0 | F104: =IFERROR(F96/F99*100,0) -> 0 | G104: =IFERROR(G96/G99*100,0) -> 0 | H104: =IFERROR(H96/H99*100,0) -> 0 | I104: =IFERROR(I96/I99*100,0) -> 0
C105: %/tase Bln Ini thdp RKAP | D105: % | E105: =IFERROR(E96/E100*100,0) -> 0 | F105: =IFERROR(F96/F100*100,0) -> 0 | G105: =IFERROR(G96/G100*100,0) -> 0 | H105: =IFERROR(H96/H100*100,0) -> 0 | I105: =IFERROR(I96/I100*100,0) -> 0
B107: Total Pemeliharaan Tanaman | C107: Bln Ini | D107: Rp.000 | E107: =SUMIF($C$8:$C$105,$C107,E$8:E$105) -> 222719.82 | F107: =SUMIF($C$8:$C$105,$C107,F$8:F$105) -> 0 | G107: =SUMIF($C$8:$C$105,$C107,G$8:G$105) -> 24059.534 | H107: =SUMIF($C$8:$C$105,$C107,H$8:H$105) -> 0 | I107: =sum(E107:H107) -> 246779.35
C108: Bln Lalu | D108: Rp.000 | E108: =SUMIF($C$8:$C$105,$C108,E$8:E$105) -> 793615.72 | F108: =SUMIF($C$8:$C$105,$C108,F$8:F$105) -> 0 | G108: =SUMIF($C$8:$C$105,$C108,G$8:G$105) -> 238057.74 | H108: =SUMIF($C$8:$C$105,$C108,H$8:H$105) -> 80487.721 | I108: =sum(E108:H108) -> 1112161.2
C109: Thn Lalu | D109: Rp.000 | E109: =SUMIF($C$8:$C$105,$C109,E$8:E$105) -> 143330.94 | F109: =SUMIF($C$8:$C$105,$C109,F$8:F$105) -> 0 | G109: =SUMIF($C$8:$C$105,$C109,G$8:G$105) -> 18144.433 | H109: =SUMIF($C$8:$C$105,$C109,H$8:H$105) -> 0 | I109: =sum(E109:H109) -> 161475.37
C110: RKO | D110: Rp.000 | E110: =SUMIF($C$8:$C$105,$C110,E$8:E$105) -> 143571.49 | F110: =SUMIF($C$8:$C$105,$C110,F$8:F$105) -> 0 | G110: =SUMIF($C$8:$C$105,$C110,G$8:G$105) -> 0 | H110: =SUMIF($C$8:$C$105,$C110,H$8:H$105) -> 0 | I110: =sum(E110:H110) -> 143571.49
C111: RKAP | D111: Rp.000 | E111: =SUMIF($C$8:$C$105,$C111,E$8:E$105) -> 143571.49 | F111: =SUMIF($C$8:$C$105,$C111,F$8:F$105) -> 0 | G111: =SUMIF($C$8:$C$105,$C111,G$8:G$105) -> 0 | H111: =SUMIF($C$8:$C$105,$C111,H$8:H$105) -> 0 | I111: =sum(E111:H111) -> 143571.49
C113: %/tase Bln Ini thdp Bln Lalu | D113: % | E113: =IFERROR(E107/E108*100,0) -> 28.063937 | F113: =IFERROR(F107/F108*100,0) -> 0 | G113: =IFERROR(G107/G108*100,0) -> 10.106596 | H113: =IFERROR(H107/H108*100,0) -> 0 | I113: =IFERROR(I107/I108*100,0) -> 22.189172
C114: %/tase Bln Ini thdp Thn Lalu | D114: % | E114: =IFERROR(E107/E109*100,0) -> 155.38851 | F114: =IFERROR(F107/F109*100,0) -> 0 | G114: =IFERROR(G107/G109*100,0) -> 132.60009 | H114: =IFERROR(H107/H109*100,0) -> 0 | I114: =IFERROR(I107/I109*100,0) -> 152.82786
C115: %/tase Bln Ini thdp RKO | D115: % | E115: =IFERROR(E107/E110*100,0) -> 155.12817 | F115: =IFERROR(F107/F110*100,0) -> 0 | G115: =IFERROR(G107/G110*100,0) -> 0 | H115: =IFERROR(H107/H110*100,0) -> 0 | I115: =IFERROR(I107/I110*100,0) -> 171.88605
C116: %/tase Bln Ini thdp RKAP | D116: % | E116: =IFERROR(E107/E111*100,0) -> 155.12817 | F116: =IFERROR(F107/F111*100,0) -> 0 | G116: =IFERROR(G107/G111*100,0) -> 0 | H116: =IFERROR(H107/H111*100,0) -> 0 | I116: =IFERROR(I107/I111*100,0) -> 171.88605
A118: II. | B118: BIAYA PEMUPUKAN
A119: 1 | B119: Pemupukan Tanaman | C119: Bln Ini | D119: Rp.000 | E119: ='Balin-A'!$E$132/1000 -> 0 | F119: ='Kumai-A'!$E$132/1000 -> 0 | G119: ='Sinta-A'!$E$132/1000 -> 0 | H119: ='Lokal-A'!$E$132/1000 -> 0 | I119: =sum(E119:H119) -> 0
C120: Bln Lalu | D120: Rp.000 | E120: ='Balin-A'!$F$132/1000 -> 0 | F120: ='Kumai-A'!$F$132/1000 -> 0 | G120: ='Sinta-A'!$F$132/1000 -> 0 | H120: ='Lokal-A'!$F$132/1000 -> 0 | I120: =sum(E120:H120) -> 0
C121: Thn Lalu | D121: Rp.000 | E121: ='Balin-A'!$G$132/1000 -> 0 | F121: ='Kumai-A'!$G$132/1000 -> 0 | G121: ='Sinta-A'!$G$132/1000 -> 0 | H121: ='Lokal-A'!$G$132/1000 -> 0 | I121: =sum(E121:H121) -> 0
...

Sheet K-Act2
A1: PT. PERKEBUNAN NUSANTARA IV - REGINAL V
A2: MONITORING CAPAIAN BIAYA PRODUKSI
A3: =UPPER('Balin-A'!N5) -> SD BULAN MEI 2026
A5: No | B5: Uraian | C5: Ket | D5: Sat | E5: Unit Kerja
E6: Balin | F6: Kumai | G6: Sinta | H6: Lokal | I6: Jlh
A7: I. | B7: BIAYA PEMELIHARAAN TANAMAN
A8: 1 | B8: Gaji/Upah & Biaya Karpim Tanaman | C8: sd Bln Ini | D8: Rp.000 | E8: ='Balin-A'!$N$14/1000 -> 451311.53 | F8: ='Kumai-A'!$N$14/1000 -> 0 | G8: ='Sinta-A'!$N$14/1000 -> 113226.93 | H8: ='Lokal-A'!$N$14/1000 -> 0 | I8: =sum(E8:H8) -> 564538.45
C9: Bln Lalu | D9: Rp.000 | E9: ='Balin-A'!$F$14/1000 -> 725438.24 | F9: ='Kumai-A'!$F$14/1000 -> 0 | G9: ='Sinta-A'!$F$14/1000 -> 238057.74 | H9: ='Lokal-A'!$F$14/1000 -> 80487.721 | I9: =sum(E9:H9) -> 1043983.7
C10: Thn Lalu | D10: Rp.000 | E10: ='Balin-A'!$O$14/1000 -> 340571.67 | F10: ='Kumai-A'!$O$14/1000 -> 0 | G10: ='Sinta-A'!$O$14/1000 -> 85062.998 | H10: ='Lokal-A'!$O$14/1000 -> 0 | I10: =sum(E10:H10) -> 425634.67
C11: RKO | D11: Rp.000 | E11: ='Balin-A'!$P$14/1000 -> 332113.31 | F11: ='Kumai-A'!$P$14/1000 -> 0 | G11: ='Sinta-A'!$P$14/1000 -> 0 | H11: ='Lokal-A'!$P$14/1000 -> 0 | I11: =sum(E11:H11) -> 332113.31
C12: RKAP | D12: Rp.000 | E12: ='Balin-A'!$Q$14/1000 -> 332113.31 | F12: ='Kumai-A'!$Q$14/1000 -> 0 | G12: ='Sinta-A'!$Q$14/1000 -> 0 | H12: ='Lokal-A'!$Q$14/1000 -> 0 | I12: =sum(E12:H12) -> 332113.31
C14: %/tase sd Bln Ini thdp Bln Lalu | D14: % | E14: =IFERROR(E8/E9*100,0) -> 62.21226 | F14: =IFERROR(F8/F9*100,0) -> 0 | G14: =IFERROR(G8/G9*100,0) -> 47.562802 | H14: =IFERROR(H8/H9*100,0) -> 0 | I14: =IFERROR(I8/I9*100,0) -> 54.075409
C15: %/tase sd Bln Ini thdp Thn Lalu | D15: % | E15: =IFERROR(E8/E10*100,0) -> 132.51587 | F15: =IFERROR(F8/F10*100,0) -> 0 | G15: =IFERROR(G8/G10*100,0) -> 133.1095 | H15: =IFERROR(H8/H10*100,0) -> 0 | I15: =IFERROR(I8/I10*100,0) -> 132.63451
C16: %/tase sd Bln Ini thdp RKO | D16: % | E16: =IFERROR(E8/E11*100,0) -> 135.89083 | F16: =IFERROR(F8/F11*100,0) -> 0 | G16: =IFERROR(G8/G11*100,0) -> 0 | H16: =IFERROR(H8/H11*100,0) -> 0 | I16: =IFERROR(I8/I11*100,0) -> 169.98369
C17: %/tase sd Bln Ini thdp RKAP | D17: % | E17: =IFERROR(E8/E12*100,0) -> 135.89083 | F17: =IFERROR(F8/F12*100,0) -> 0 | G17: =IFERROR(G8/G12*100,0) -> 0 | H17: =IFERROR(H8/H12*100,0) -> 0 | I17: =IFERROR(I8/I12*100,0) -> 169.98369
A19: 2 | B19: Pemel jalan, jembatan, & saluran air | C19: sd Bln Ini | D19: Rp.000 | E19: ='Balin-A'!$N$32/1000 -> 140515.18 | F19: ='Kumai-A'!$N$32/1000 -> 0 | G19: ='Sinta-A'!$N$32/1000 -> 0 | H19: ='Lokal-A'!$N$32/1000 -> 0 | I19: =sum(E19:H19) -> 140515.18
C20: Bln Lalu | D20: Rp.000 | E20: ='Balin-A'!$F$32/1000 -> 26271.3 | F20: ='Kumai-A'!$F$32/1000 -> 0 | G20: ='Sinta-A'!$F$32/1000 -> 0 | H20: ='Lokal-A'!$F$32/1000 -> 0 | I20: =sum(E20:H20) -> 26271.3
C21: Thn Lalu | D21: Rp.000 | E21: ='Balin-A'!$O$32/1000 -> 139115.97 | F21: ='Kumai-A'!$O$32/1000 -> 0 | G21: ='Sinta-A'!$O$32/1000 -> 0 | H21: ='Lokal-A'!$O$32/1000 -> 0 | I21: =sum(E21:H21) -> 139115.97
C22: RKO | D22: Rp.000 | E22: ='Balin-A'!$P$32/1000 -> 790.849 | F22: ='Kumai-A'!$P$32/1000 -> 0 | G22: ='Sinta-A'!$P$32/1000 -> 0 | H22: ='Lokal-A'!$P$32/1000 -> 0 | I22: =sum(E22:H22) -> 790.849
C23: RKAP | D23: Rp.000 | E23: ='Balin-A'!$Q$32/1000 -> 790.849 | F23: ='Kumai-A'!$Q$32/1000 -> 0 | G23: ='Sinta-A'!$Q$32/1000 -> 0 | H23: ='Lokal-A'!$Q$32/1000 -> 0 | I23: =sum(E23:H23) -> 790.849
C25: %/tase sd Bln Ini thdp Bln Lalu | D25: % | E25: =IFERROR(E19/E20*100,0) -> 534.86193 | F25: =IFERROR(F19/F20*100,0) -> 0 | G25: =IFERROR(G19/G20*100,0) -> 0 | H25: =IFERROR(H19/H20*100,0) -> 0 | I25: =IFERROR(I19/I20*100,0) -> 534.86193
C26: %/tase sd Bln Ini thdp Thn Lalu | D26: % | E26: =IFERROR(E19/E21*100,0) -> 101.00579 | F26: =IFERROR(F19/F21*100,0) -> 0 | G26: =IFERROR(G19/G21*100,0) -> 0 | H26: =IFERROR(H19/H21*100,0) -> 0 | I26: =IFERROR(I19/I21*100,0) -> 101.00579
C27: %/tase sd Bln Ini thdp RKO | D27: % | E27: =IFERROR(E19/E22*100,0) -> 17767.637 | F27: =IFERROR(F19/F22*100,0) -> 0 | G27: =IFERROR(G19/G22*100,0) -> 0 | H27: =IFERROR(H19/H22*100,0) -> 0 | I27: =IFERROR(I19/I22*100,0) -> 17767.637
C28: %/tase sd Bln Ini thdp RKAP | D28: % | E28: =IFERROR(E19/E23*100,0) -> 17767.637 | F28: =IFERROR(F19/F23*100,0) -> 0 | G28: =IFERROR(G19/G23*100,0) -> 0 | H28: =IFERROR(H19/H23*100,0) -> 0 | I28: =IFERROR(I19/I23*100,0) -> 17767.637
A30: 3 | B30: Pemangkasan / Tunas | C30: sd Bln Ini | D30: Rp.000 | E30: ='Balin-A'!$N$34/1000 -> 0 | F30: ='Kumai-A'!$N$34/1000 -> 0 | G30: ='Sinta-A'!$N$34/1000 -> 0 | H30: ='Lokal-A'!$N$34/1000 -> 0 | I30: =sum(E30:H30) -> 0
C31: Bln Lalu | D31: Rp.000 | E31: ='Balin-A'!$F$34/1000 -> 0 | F31: ='Kumai-A'!$F$34/1000 -> 0 | G31: ='Sinta-A'!$F$34/1000 -> 0 | H31: ='Lokal-A'!$F$34/1000 -> 0 | I31: =sum(E31:H31) -> 0
C32: Thn Lalu | D32: Rp.000 | E32: ='Balin-A'!$O$34/1000 -> 0 | F32: ='Kumai-A'!$O$34/1000 -> 0 | G32: ='Sinta-A'!$O$34/1000 -> 0 | H32: ='Lokal-A'!$O$34/1000 -> 0 | I32: =sum(E32:H32) -> 0
C33: RKO | D33: Rp.000 | E33: ='Balin-A'!$P$34/1000 -> 0 | F33: ='Kumai-A'!$P$34/1000 -> 0 | G33: ='Sinta-A'!$P$34/1000 -> 0 | H33: ='Lokal-A'!$P$34/1000 -> 0 | I33: =sum(E33:H33) -> 0
C34: RKAP | D34: Rp.000 | E34: ='Balin-A'!$Q$34/1000 -> 0 | F34: ='Kumai-A'!$Q$34/1000 -> 0 | G34: ='Sinta-A'!$Q$34/1000 -> 0 | H34: ='Lokal-A'!$Q$34/1000 -> 0 | I34: =sum(E34:H34) -> 0
C36: %/tase sd Bln Ini thdp Bln Lalu | D36: % | E36: =IFERROR(E30/E31*100,0) -> 0 | F36: =IFERROR(F30/F31*100,0) -> 0 | G36: =IFERROR(G30/G31*100,0) -> 0 | H36: =IFERROR(H30/H31*100,0) -> 0 | I36: =IFERROR(I30/I31*100,0) -> 0
C37: %/tase sd Bln Ini thdp Thn Lalu | D37: % | E37: =IFERROR(E30/E32*100,0) -> 0 | F37: =IFERROR(F30/F32*100,0) -> 0 | G37: =IFERROR(G30/G32*100,0) -> 0 | H37: =IFERROR(H30/H32*100,0) -> 0 | I37: =IFERROR(I30/I32*100,0) -> 0
C38: %/tase sd Bln Ini thdp RKO | D38: % | E38: =IFERROR(E30/E33*100,0) -> 0 | F38: =IFERROR(F30/F33*100,0) -> 0 | G38: =IFERROR(G30/G33*100,0) -> 0 | H38: =IFERROR(H30/H33*100,0) -> 0 | I38: =IFERROR(I30/I33*100,0) -> 0
C39: %/tase sd Bln Ini thdp RKAP | D39: % | E39: =IFERROR(E30/E34*100,0) -> 0 | F39: =IFERROR(F30/F34*100,0) -> 0 | G39: =IFERROR(G30/G34*100,0) -> 0 | H39: =IFERROR(H30/H34*100,0) -> 0 | I39: =IFERROR(I30/I34*100,0) -> 0
A41: 4 | B41: Pengendalian Gulma | C41: sd Bln Ini | D41: Rp.000 | E41: ='Balin-A'!$N$45/1000 -> 293519.5 | F41: ='Kumai-A'!$N$45/1000 -> 0 | G41: ='Sinta-A'!$N$45/1000 -> 0 | H41: ='Lokal-A'!$N$45/1000 -> 0 | I41: =sum(E41:H41) -> 293519.5
C42: Bln Lalu | D42: Rp.000 | E42: ='Balin-A'!$F$45/1000 -> 39005.879 | F42: ='Kumai-A'!$F$45/1000 -> 0 | G42: ='Sinta-A'!$F$45/1000 -> 0 | H42: ='Lokal-A'!$F$45/1000 -> 0 | I42: =sum(E42:H42) -> 39005.879
C43: Thn Lalu | D43: Rp.000 | E43: ='Balin-A'!$O$45/1000 -> 196256 | F43: ='Kumai-A'!$O$45/1000 -> 0 | G43: ='Sinta-A'!$O$45/1000 -> 134884 | H43: ='Lokal-A'!$O$45/1000 -> 0 | I43: =sum(E43:H43) -> 331140
C44: RKO | D44: Rp.000 | E44: ='Balin-A'!$P$45/1000 -> 479097.54 | F44: ='Kumai-A'!$P$45/1000 -> 0 | G44: ='Sinta-A'!$P$45/1000 -> 0 | H44: ='Lokal-A'!$P$45/1000 -> 0 | I44: =sum(E44:H44) -> 479097.54
C45: RKAP | D45: Rp.000 | E45: ='Balin-A'!$Q$45/1000 -> 479097.54 | F45: ='Kumai-A'!$Q$45/1000 -> 0 | G45: ='Sinta-A'!$Q$45/1000 -> 0 | H45: ='Lokal-A'!$Q$45/1000 -> 0 | I45: =sum(E45:H45) -> 479097.54
C47: %/tase sd Bln Ini thdp Bln Lalu | D47: % | E47: =IFERROR(E41/E42*100,0) -> 752.50068 | F47: =IFERROR(F41/F42*100,0) -> 0 | G47: =IFERROR(G41/G42*100,0) -> 0 | H47: =IFERROR(H41/H42*100,0) -> 0 | I47: =IFERROR(I41/I42*100,0) -> 752.50068
C48: %/tase sd Bln Ini thdp Thn Lalu | D48: % | E48: =IFERROR(E41/E43*100,0) -> 149.5595 | F48: =IFERROR(F41/F43*100,0) -> 0 | G48: =IFERROR(G41/G43*100,0) -> 0 | H48: =IFERROR(H41/H43*100,0) -> 0 | I48: =IFERROR(I41/I43*100,0) -> 88.639095
C49: %/tase sd Bln Ini thdp RKO | D49: % | E49: =IFERROR(E41/E44*100,0) -> 61.265082 | F49: =IFERROR(F41/F44*100,0) -> 0 | G49: =IFERROR(G41/G44*100,0) -> 0 | H49: =IFERROR(H41/H44*100,0) -> 0 | I49: =IFERROR(I41/I44*100,0) -> 61.265082
C50: %/tase sd Bln Ini thdp RKAP | D50: % | E50: =IFERROR(E41/E45*100,0) -> 61.265082 | F50: =IFERROR(F41/F45*100,0) -> 0 | G50: =IFERROR(G41/G45*100,0) -> 0 | H50: =IFERROR(H41/H45*100,0) -> 0 | I50: =IFERROR(I41/I45*100,0) -> 61.265082
A52: 5 | B52: Pengendalian Hama & Penyakit | C52: sd Bln Ini | D52: Rp.000 | E52: ='Balin-A'!$N$58/1000 -> 16103.158 | F52: ='Kumai-A'!$N$58/1000 -> 0 | G52: ='Sinta-A'!$N$58/1000 -> 0 | H52: ='Lokal-A'!$N$58/1000 -> 0 | I52: =sum(E52:H52) -> 16103.158
C53: Bln Lalu | D53: Rp.000 | E53: ='Balin-A'!$F$58/1000 -> 2900.301 | F53: ='Kumai-A'!$F$58/1000 -> 0 | G53: ='Sinta-A'!$F$58/1000 -> 0 | H53: ='Lokal-A'!$F$58/1000 -> 0 | I53: =sum(E53:H53) -> 2900.301
C54: Thn Lalu | D54: Rp.000 | E54: ='Balin-A'!$O$58/1000 -> 35778.097 | F54: ='Kumai-A'!$O$58/1000 -> 0 | G54: ='Sinta-A'!$O$58/1000 -> 0 | H54: ='Lokal-A'!$O$58/1000 -> 0 | I54: =sum(E54:H54) -> 35778.097
C55: RKO | D55: Rp.000 | E55: ='Balin-A'!$P$58/1000 -> 0 | F55: ='Kumai-A'!$P$58/1000 -> 0 | G55: ='Sinta-A'!$P$58/1000 -> 0 | H55: ='Lokal-A'!$P$58/1000 -> 0 | I55: =sum(E55:H55) -> 0
C56: RKAP | D56: Rp.000 | E56: ='Balin-A'!$Q$58/1000 -> 0 | F56: ='Kumai-A'!$Q$58/1000 -> 0 | G56: ='Sinta-A'!$Q$58/1000 -> 0 | H56: ='Lokal-A'!$Q$58/1000 -> 0 | I56: =sum(E56:H56) -> 0
C58: %/tase sd Bln Ini thdp Bln Lalu | D58: % | E58: =IFERROR(E52/E53*100,0) -> 555.22368 | F58: =IFERROR(F52/F53*100,0) -> 0 | G58: =IFERROR(G52/G53*100,0) -> 0 | H58: =IFERROR(H52/H53*100,0) -> 0 | I58: =IFERROR(I52/I53*100,0) -> 555.22368
C59: %/tase sd Bln Ini thdp Thn Lalu | D59: % | E59: =IFERROR(E52/E54*100,0) -> 45.008425 | F59: =IFERROR(F52/F54*100,0) -> 0 | G59: =IFERROR(G52/G54*100,0) -> 0 | H59: =IFERROR(H52/H54*100,0) -> 0 | I59: =IFERROR(I52/I54*100,0) -> 45.008425
C60: %/tase sd Bln Ini thdp RKO | D60: % | E60: =IFERROR(E52/E55*100,0) -> 0 | F60: =IFERROR(F52/F55*100,0) -> 0 | G60: =IFERROR(G52/G55*100,0) -> 0 | H60: =IFERROR(H52/H55*100,0) -> 0 | I60: =IFERROR(I52/I55*100,0) -> 0
C61: %/tase sd Bln Ini thdp RKAP | D61: % | E61: =IFERROR(E52/E56*100,0) -> 0 | F61: =IFERROR(F52/F56*100,0) -> 0 | G61: =IFERROR(G52/G56*100,0) -> 0 | H61: =IFERROR(H52/H56*100,0) -> 0 | I61: =IFERROR(I52/I56*100,0) -> 0
A63: 6 | B63: Penyerbukan Buatan | C63: sd Bln Ini | D63: Rp.000 | E63: ='Balin-A'!$N$64/1000 -> 0 | F63: ='Kumai-A'!$N$64/1000 -> 0 | G63: ='Sinta-A'!$N$64/1000 -> 0 | H63: ='Lokal-A'!$N$64/1000 -> 0 | I63: =sum(E63:H63) -> 0
C64: Bln Lalu | D64: Rp.000 | E64: ='Balin-A'!$F$64/1000 -> 0 | F64: ='Kumai-A'!$F$64/1000 -> 0 | G64: ='Sinta-A'!$F$64/1000 -> 0 | H64: ='Lokal-A'!$F$64/1000 -> 0 | I64: =sum(E64:H64) -> 0
C65: Thn Lalu | D65: Rp.000 | E65: ='Balin-A'!$O$64/1000 -> 0 | F65: ='Kumai-A'!$O$64/1000 -> 0 | G65: ='Sinta-A'!$O$64/1000 -> 0 | H65: ='Lokal-A'!$O$64/1000 -> 0 | I65: =sum(E65:H65) -> 0
C66: RKO | D66: Rp.000 | E66: ='Balin-A'!$P$64/1000 -> 0 | F66: ='Kumai-A'!$P$64/1000 -> 0 | G66: ='Sinta-A'!$P$64/1000 -> 0 | H66: ='Lokal-A'!$P$64/1000 -> 0 | I66: =sum(E66:H66) -> 0
C67: RKAP | D67: Rp.000 | E67: ='Balin-A'!$Q$64/1000 -> 0 | F67: ='Kumai-A'!$Q$64/1000 -> 0 | G67: ='Sinta-A'!$Q$64/1000 -> 0 | H67: ='Lokal-A'!$Q$64/1000 -> 0 | I67: =sum(E67:H67) -> 0
C69: %/tase sd Bln Ini thdp Bln Lalu | D69: % | E69: =IFERROR(E63/E64*100,0) -> 0 | F69: =IFERROR(F63/F64*100,0) -> 0 | G69: =IFERROR(G63/G64*100,0) -> 0 | H69: =IFERROR(H63/H64*100,0) -> 0 | I69: =IFERROR(I63/I64*100,0) -> 0
C70: %/tase sd Bln Ini thdp Thn Lalu | D70: % | E70: =IFERROR(E63/E65*100,0) -> 0 | F70: =IFERROR(F63/F65*100,0) -> 0 | G70: =IFERROR(G63/G65*100,0) -> 0 | H70: =IFERROR(H63/H65*100,0) -> 0 | I70: =IFERROR(I63/I65*100,0) -> 0
C71: %/tase sd Bln Ini thdp RKO | D71: % | E71: =IFERROR(E63/E66*100,0) -> 0 | F71: =IFERROR(F63/F66*100,0) -> 0 | G71: =IFERROR(G63/G66*100,0) -> 0 | H71: =IFERROR(H63/H66*100,0) -> 0 | I71: =IFERROR(I63/I66*100,0) -> 0
C72: %/tase sd Bln Ini thdp RKAP | D72: % | E72: =IFERROR(E63/E67*100,0) -> 0 | F72: =IFERROR(F63/F67*100,0) -> 0 | G72: =IFERROR(G63/G67*100,0) -> 0 | H72: =IFERROR(H63/H67*100,0) -> 0 | I72: =IFERROR(I63/I67*100,0) -> 0
A74: 7 | B74: Penyisipan/Sisip Tanaman | C74: sd Bln Ini | D74: Rp.000 | E74: ='Balin-A'!$N$69/1000 -> 0 | F74: ='Kumai-A'!$N$69/1000 -> 0 | G74: ='Sinta-A'!$N$69/1000 -> 0 | H74: ='Lokal-A'!$N$69/1000 -> 0 | I74: =sum(E74:H74) -> 0
C75: Bln Lalu | D75: Rp.000 | E75: ='Balin-A'!$F$69/1000 -> 0 | F75: ='Kumai-A'!$F$69/1000 -> 0 | G75: ='Sinta-A'!$F$69/1000 -> 0 | H75: ='Lokal-A'!$F$69/1000 -> 0 | I75: =sum(E75:H75) -> 0
C76: Thn Lalu | D76: Rp.000 | E76: ='Balin-A'!$O$69/1000 -> 0 | F76: ='Kumai-A'!$O$69/1000 -> 0 | G76: ='Sinta-A'!$O$69/1000 -> 0 | H76: ='Lokal-A'!$O$69/1000 -> 0 | I76: =sum(E76:H76) -> 0
C77: RKO | D77: Rp.000 | E77: ='Balin-A'!$P$69/1000 -> 0 | F77: ='Kumai-A'!$P$69/1000 -> 0 | G77: ='Sinta-A'!$P$69/1000 -> 0 | H77: ='Lokal-A'!$P$69/1000 -> 0 | I77: =sum(E77:H77) -> 0
C78: RKAP | D78: Rp.000 | E78: ='Balin-A'!$Q$69/1000 -> 0 | F78: ='Kumai-A'!$Q$69/1000 -> 0 | G78: ='Sinta-A'!$Q$69/1000 -> 0 | H78: ='Lokal-A'!$Q$69/1000 -> 0 | I78: =sum(E78:H78) -> 0
C80: %/tase sd Bln Ini thdp Bln Lalu | D80: % | E80: =IFERROR(E74/E75*100,0) -> 0 | F80: =IFERROR(F74/F75*100,0) -> 0 | G80: =IFERROR(G74/G75*100,0) -> 0 | H80: =IFERROR(H74/H75*100,0) -> 0 | I80: =IFERROR(I74/I75*100,0) -> 0
C81: %/tase sd Bln Ini thdp Thn Lalu | D81: % | E81: =IFERROR(E74/E76*100,0) -> 0 | F81: =IFERROR(F74/F76*100,0) -> 0 | G81: =IFERROR(G74/G76*100,0) -> 0 | H81: =IFERROR(H74/H76*100,0) -> 0 | I81: =IFERROR(I74/I76*100,0) -> 0
C82: %/tase sd Bln Ini thdp RKO | D82: % | E82: =IFERROR(E74/E77*100,0) -> 0 | F82: =IFERROR(F74/F77*100,0) -> 0 | G82: =IFERROR(G74/G77*100,0) -> 0 | H82: =IFERROR(H74/H77*100,0) -> 0 | I82: =IFERROR(I74/I77*100,0) -> 0
C83: %/tase sd Bln Ini thdp RKAP | D83: % | E83: =IFERROR(E74/E78*100,0) -> 0 | F83: =IFERROR(F74/F78*100,0) -> 0 | G83: =IFERROR(G74/G78*100,0) -> 0 | H83: =IFERROR(H74/H78*100,0) -> 0 | I83: =IFERROR(I74/I78*100,0) -> 0
A85: 8 | B85: Sensus Pokok & Konsolidasi Tanaman | C85: sd Bln Ini | D85: Rp.000 | E85: ='Balin-A'!$N$73/1000 -> 0 | F85: ='Kumai-A'!$N$73/1000 -> 0 | G85: ='Sinta-A'!$N$73/1000 -> 0 | H85: ='Lokal-A'!$N$73/1000 -> 0 | I85: =sum(E85:H85) -> 0
C86: Bln Lalu | D86: Rp.000 | E86: ='Balin-A'!$F$73/1000 -> 0 | F86: ='Kumai-A'!$F$73/1000 -> 0 | G86: ='Sinta-A'!$F$73/1000 -> 0 | H86: ='Lokal-A'!$F$73/1000 -> 0 | I86: =sum(E86:H86) -> 0
C87: Thn Lalu | D87: Rp.000 | E87: ='Balin-A'!$O$73/1000 -> 0 | F87: ='Kumai-A'!$O$73/1000 -> 0 | G87: ='Sinta-A'!$O$73/1000 -> 0 | H87: ='Lokal-A'!$O$73/1000 -> 0 | I87: =sum(E87:H87) -> 0
C88: RKO | D88: Rp.000 | E88: ='Balin-A'!$P$73/1000 -> 0 | F88: ='Kumai-A'!$P$73/1000 -> 0 | G88: ='Sinta-A'!$P$73/1000 -> 0 | H88: ='Lokal-A'!$P$73/1000 -> 0 | I88: =sum(E88:H88) -> 0
C89: RKAP | D89: Rp.000 | E89: ='Balin-A'!$Q$73/1000 -> 0 | F89: ='Kumai-A'!$Q$73/1000 -> 0 | G89: ='Sinta-A'!$Q$73/1000 -> 0 | H89: ='Lokal-A'!$Q$73/1000 -> 0 | I89: =sum(E89:H89) -> 0
C91: %/tase sd Bln Ini thdp Bln Lalu | D91: % | E91: =IFERROR(E85/E86*100,0) -> 0 | F91: =IFERROR(F85/F86*100,0) -> 0 | G91: =IFERROR(G85/G86*100,0) -> 0 | H91: =IFERROR(H85/H86*100,0) -> 0 | I91: =IFERROR(I85/I86*100,0) -> 0
C92: %/tase sd Bln Ini thdp Thn Lalu | D92: % | E92: =IFERROR(E85/E87*100,0) -> 0 | F92: =IFERROR(F85/F87*100,0) -> 0 | G92: =IFERROR(G85/G87*100,0) -> 0 | H92: =IFERROR(H85/H87*100,0) -> 0 | I92: =IFERROR(I85/I87*100,0) -> 0
C93: %/tase sd Bln Ini thdp RKO | D93: % | E93: =IFERROR(E85/E88*100,0) -> 0 | F93: =IFERROR(F85/F88*100,0) -> 0 | G93: =IFERROR(G85/G88*100,0) -> 0 | H93: =IFERROR(H85/H88*100,0) -> 0 | I93: =IFERROR(I85/I88*100,0) -> 0
C94: %/tase sd Bln Ini thdp RKAP | D94: % | E94: =IFERROR(E85/E89*100,0) -> 0 | F94: =IFERROR(F85/F89*100,0) -> 0 | G94: =IFERROR(G85/G89*100,0) -> 0 | H94: =IFERROR(H85/H89*100,0) -> 0 | I94: =IFERROR(I85/I89*100,0) -> 0
A96: 9 | B96: Persilangan Pohon Induk | C96: sd Bln Ini | D96: Rp.000 | E96: ='Balin-A'!$N$76/1000 -> 0 | F96: ='Kumai-A'!$N$76/1000 -> 0 | G96: ='Sinta-A'!$N$76/1000 -> 0 | H96: ='Lokal-A'!$N$76/1000 -> 0 | I96: =sum(E96:H96) -> 0
C97: Bln Lalu | D97: Rp.000 | E97: ='Balin-A'!$F$76/1000 -> 0 | F97: ='Kumai-A'!$F$76/1000 -> 0 | G97: ='Sinta-A'!$F$76/1000 -> 0 | H97: ='Lokal-A'!$F$76/1000 -> 0 | I97: =sum(E97:H97) -> 0
C98: Thn Lalu | D98: Rp.000 | E98: ='Balin-A'!$O$76/1000 -> 0 | F98: ='Kumai-A'!$O$76/1000 -> 0 | G98: ='Sinta-A'!$O$76/1000 -> 0 | H98: ='Lokal-A'!$O$76/1000 -> 0 | I98: =sum(E98:H98) -> 0
C99: RKO | D99: Rp.000 | E99: ='Balin-A'!$P$76/1000 -> 0 | F99: ='Kumai-A'!$P$76/1000 -> 0 | G99: ='Sinta-A'!$P$76/1000 -> 0 | H99: ='Lokal-A'!$P$76/1000 -> 0 | I99: =sum(E99:H99) -> 0
C100: RKAP | D100: Rp.000 | E100: ='Balin-A'!$Q$76/1000 -> 0 | F100: ='Kumai-A'!$Q$76/1000 -> 0 | G100: ='Sinta-A'!$Q$76/1000 -> 0 | H100: ='Lokal-A'!$Q$76/1000 -> 0 | I100: =sum(E100:H100) -> 0
C102: %/tase sd Bln Ini thdp Bln Lalu | D102: % | E102: =IFERROR(E96/E97*100,0) -> 0 | F102: =IFERROR(F96/F97*100,0) -> 0 | G102: =IFERROR(G96/G97*100,0) -> 0 | H102: =IFERROR(H96/H97*100,0) -> 0 | I102: =IFERROR(I96/I97*100,0) -> 0
C103: %/tase sd Bln Ini thdp Thn Lalu | D103: % | E103: =IFERROR(E96/E98*100,0) -> 0 | F103: =IFERROR(F96/F98*100,0) -> 0 | G103: =IFERROR(G96/G98*100,0) -> 0 | H103: =IFERROR(H96/H98*100,0) -> 0 | I103: =IFERROR(I96/I98*100,0) -> 0
C104: %/tase sd Bln Ini thdp RKO | D104: % | E104: =IFERROR(E96/E99*100,0) -> 0 | F104: =IFERROR(F96/F99*100,0) -> 0 | G104: =IFERROR(G96/G99*100,0) -> 0 | H104: =IFERROR(H96/H99*100,0) -> 0 | I104: =IFERROR(I96/I99*100,0) -> 0
C105: %/tase sd Bln Ini thdp RKAP | D105: % | E105: =IFERROR(E96/E100*100,0) -> 0 | F105: =IFERROR(F96/F100*100,0) -> 0 | G105: =IFERROR(G96/G100*100,0) -> 0 | H105: =IFERROR(H96/H100*100,0) -> 0 | I105: =IFERROR(I96/I100*100,0) -> 0
B107: Total Pemeliharaan Tanaman | C107: sd Bln Ini | D107: Rp.000 | E107: =SUMIF($C$8:$C$105,$C107,E$8:E$105) -> 901449.37 | F107: =SUMIF($C$8:$C$105,$C107,F$8:F$105) -> 0 | G107: =SUMIF($C$8:$C$105,$C107,G$8:G$105) -> 113226.93 | H107: =SUMIF($C$8:$C$105,$C107,H$8:H$105) -> 0 | I107: =sum(E107:H107) -> 1014676.3
C108: Bln Lalu | D108: Rp.000 | E108: =SUMIF($C$8:$C$105,$C108,E$8:E$105) -> 793615.72 | F108: =SUMIF($C$8:$C$105,$C108,F$8:F$105) -> 0 | G108: =SUMIF($C$8:$C$105,$C108,G$8:G$105) -> 238057.74 | H108: =SUMIF($C$8:$C$105,$C108,H$8:H$105) -> 80487.721 | I108: =sum(E108:H108) -> 1112161.2
C109: Thn Lalu | D109: Rp.000 | E109: =SUMIF($C$8:$C$105,$C109,E$8:E$105) -> 711721.74 | F109: =SUMIF($C$8:$C$105,$C109,F$8:F$105) -> 0 | G109: =SUMIF($C$8:$C$105,$C109,G$8:G$105) -> 219947 | H109: =SUMIF($C$8:$C$105,$C109,H$8:H$105) -> 0 | I109: =sum(E109:H109) -> 931668.74
C110: RKO | D110: Rp.000 | E110: =SUMIF($C$8:$C$105,$C110,E$8:E$105) -> 812001.7 | F110: =SUMIF($C$8:$C$105,$C110,F$8:F$105) -> 0 | G110: =SUMIF($C$8:$C$105,$C110,G$8:G$105) -> 0 | H110: =SUMIF($C$8:$C$105,$C110,H$8:H$105) -> 0 | I110: =sum(E110:H110) -> 812001.7
C111: RKAP | D111: Rp.000 | E111: =SUMIF($C$8:$C$105,$C111,E$8:E$105) -> 812001.7 | F111: =SUMIF($C$8:$C$105,$C111,F$8:F$105) -> 0 | G111: =SUMIF($C$8:$C$105,$C111,G$8:G$105) -> 0 | H111: =SUMIF($C$8:$C$105,$C111,H$8:H$105) -> 0 | I111: =sum(E111:H111) -> 812001.7
C113: %/tase sd Bln Ini thdp Bln Lalu | D113: % | E113: =IFERROR(E107/E108*100,0) -> 113.58764 | F113: =IFERROR(F107/F108*100,0) -> 0 | G113: =IFERROR(G107/G108*100,0) -> 47.562802 | H113: =IFERROR(H107/H108*100,0) -> 0 | I113: =IFERROR(I107/I108*100,0) -> 91.234645
C114: %/tase sd Bln Ini thdp Thn Lalu | D114: % | E114: =IFERROR(E107/E109*100,0) -> 126.65756 | F114: =IFERROR(F107/F109*100,0) -> 0 | G114: =IFERROR(G107/G109*100,0) -> 51.479188 | H114: =IFERROR(H107/H109*100,0) -> 0 | I114: =IFERROR(I107/I109*100,0) -> 108.90956
C115: %/tase sd Bln Ini thdp RKO | D115: % | E115: =IFERROR(E107/E110*100,0) -> 111.0157 | F115: =IFERROR(F107/F110*100,0) -> 0 | G115: =IFERROR(G107/G110*100,0) -> 0 | H115: =IFERROR(H107/H110*100,0) -> 0 | I115: =IFERROR(I107/I110*100,0) -> 124.95987
C116: %/tase sd Bln Ini thdp RKAP | D116: % | E116: =IFERROR(E107/E111*100,0) -> 111.0157 | F116: =IFERROR(F107/F111*100,0) -> 0 | G116: =IFERROR(G107/G111*100,0) -> 0 | H116: =IFERROR(H107/H111*100,0) -> 0 | I116: =IFERROR(I107/I111*100,0) -> 124.95987
A118: II. | B118: BIAYA PEMUPUKAN
A119: 1 | B119: Pemupukan Tanaman | C119: sd Bln Ini | D119: Rp.000 | E119: ='Balin-A'!$N$132/1000 -> 0 | F119: ='Kumai-A'!$N$132/1000 -> 0 | G119: ='Sinta-A'!$N$132/1000 -> 0 | H119: ='Lokal-A'!$N$132/1000 -> 0 | I119: =sum(E119:H119) -> 0
C120: Bln Lalu | D120: Rp.000 | E120: ='Balin-A'!$F$132/1000 -> 0 | F120: ='Kumai-A'!$F$132/1000 -> 0 | G120: ='Sinta-A'!$F$132/1000 -> 0 | H120: ='Lokal-A'!$F$132/1000 -> 0 | I120: =sum(E120:H120) -> 0
C121: Thn Lalu | D121: Rp.000 | E121: ='Balin-A'!$O$132/1000 -> 0 | F121: ='Kumai-A'!$O$132/1000 -> 0 | G121: ='Sinta-A'!$O$132/1000 -> 0 | H121: ='Lokal-A'!$O$132/1000 -> 0 | I121: =sum(E121:H121) -> 0
...

Sheet Plant
A1: Unit Kerja | B1: Plant | C1: Kode Sheet
A2: Kebun Gunung Meliau | B2: 5E01 | C2: Gunme-B
A3: Kebun Gunung Mas | B3: 5E02 | C3: Gumas-B
A4: Kebun Sungai Dekan | B4: 5E03 | C4: Dekan-B
A5: Kebun Rimba Belian | B5: 5E04 | C5: Rimba-B
A6: Kebun Sintang | B6: 5E06 | C6: Sinta-B
A7: Kebun Ngabang | B7: 5E07 | C7: Ngaba-B
A8: Kebun Parindu | B8: 5E08 | C8: Parin-B
A9: Kebun Kembayan | B9: 5E09 | C9: Bayan-B
A10: Kebun Danau Salak | B10: 5E11 | C10: Dasal-B
A11: Kebun Kumai | B11: 5E12 | C11: Kumai-B
A12: Kebun Batulicin | B12: 5E13 | C12: Balin-B
... A18: Kebun Longkali | B18: 5E19 | C18: Lokal-B
A19: Rekapitulasi

Sheet K-OHC1
A1: PT. PERKEBUNAN NUSANTARA IV - REGINAL V
A2: MONITORING CAPAIAN BIAYA TIDAK LANGSUNG
A3: =UPPER('Balin-A'!E5) -> BULAN MEI 2026
A5: No | B5: Uraian | C5: Ket | D5: Sat | E5: Unit Kerja
E6: Balin | F6: Kumai | G6: Sinta | H6: Lokal | I6: Jlh
A7: I. | B7: Biaya Tidak Langsung
A8: 1 | B8: Gaji dan Biaya Sosial Karpim | C8: Bln Ini | D8: Rp.000 | E8: ='Balin-A'!$E$167/1000 -> 74631.627 | F8: ='Kumai-A'!$E$167/1000 -> 0 | G8: ='Sinta-A'!$E$167/1000 -> 16895.706 | H8: ='Lokal-A'!$E$167/1000 -> 0 | I8: =sum(E8:H8) -> 91527.333
C9: Bln Lalu | D9: Rp.000 | E9: ='Balin-A'!$F$167/1000 -> 68837.3 | F9: ='Kumai-A'!$F$167/1000 -> 0 | G9: ='Sinta-A'!$F$167/1000 -> 15562.982 | H9: ='Lokal-A'!$F$167/1000 -> 0 | I9: =sum(E9:H9) -> 84400.282
C10: Thn Lalu | D10: Rp.000 | E10: ='Balin-A'!$G$167/1000 -> 44287.531 | F10: ='Kumai-A'!$G$167/1000 -> 0 | G10: ='Sinta-A'!$G$167/1000 -> 13422.542 | H10: ='Lokal-A'!$G$167/1000 -> 0 | I10: =sum(E10:H10) -> 57710.073
C11: RKO | D11: Rp.000 | E11: ='Balin-A'!$H$167/1000 -> 52674 | F11: ='Kumai-A'!$H$167/1000 -> 0 | G11: ='Sinta-A'!$H$167/1000 -> 0 | H11: ='Lokal-A'!$H$167/1000 -> 0 | I11: =sum(E11:H11) -> 52674
C12: RKAP | D12: Rp.000 | E12: ='Balin-A'!$I$167/1000 -> 52673.975 | F12: ='Kumai-A'!$I$167/1000 -> 0 | G12: ='Sinta-A'!$I$167/1000 -> 0 | H12: ='Lokal-A'!$I$167/1000 -> 0 | I12: =sum(E12:H12) -> 52673.975
C14: %/tase Bln Ini thdp Bln Lalu | D14: % | E14: =IFERROR(E8/E9*100,0) -> 108.41742 | F14: =IFERROR(F8/F9*100,0) -> 0 | G14: =IFERROR(G8/G9*100,0) -> 108.56342 | H14: =IFERROR(H8/H9*100,0) -> 0 | I14: =IFERROR(I8/I9*100,0) -> 108.44434
C15: %/tase Bln Ini thdp Thn Lalu | D15: % | E15: =IFERROR(E8/E10*100,0) -> 168.51612 | F15: =IFERROR(F8/F10*100,0) -> 0 | G15: =IFERROR(G8/G10*100,0) -> 125.87561 | H15: =IFERROR(H8/H10*100,0) -> 0 | I15: =IFERROR(I8/I10*100,0) -> 158.59854
C16: %/tase Bln Ini thdp RKO | D16: % | E16: =IFERROR(E8/E11*100,0) -> 141.68589 | F16: =IFERROR(F8/F11*100,0) -> 0 | G16: =IFERROR(G8/G11*100,0) -> 0 | H16: =IFERROR(H8/H11*100,0) -> 0 | I16: =IFERROR(I8/I11*100,0) -> 173.76188
C17: %/tase Bln Ini thdp RKAP | D17: % | E17: =IFERROR(E8/E12*100,0) -> 141.68596 | F17: =IFERROR(F8/F12*100,0) -> 0 | G17: =IFERROR(G8/G12*100,0) -> 0 | H17: =IFERROR(H8/H12*100,0) -> 0 | I17: =IFERROR(I8/I12*100,0) -> 173.76196
A19: 2 | B19: Gaji dan Biaya Sosial Karpel | C19: Bln Ini | D19: Rp.000 | E19: ='Balin-A'!$E$168/1000 -> 85750.216 | F19: ='Kumai-A'!$E$168/1000 -> 0 | G19: ='Sinta-A'!$E$168/1000 -> 7003.155 | H19: ='Lokal-A'!$E$168/1000 -> 0 | I19: =sum(E19:H19) -> 92753.371
C20: Bln Lalu | D20: Rp.000 | E20: ='Balin-A'!$F$168/1000 -> 66451.17 | F20: ='Kumai-A'!$F$168/1000 -> 0 | G20: ='Sinta-A'!$F$168/1000 -> 6287.35 | H20: ='Lokal-A'!$F$168/1000 -> 5709.408 | I20: =sum(E20:H20) -> 78447.928
C21: Thn Lalu | D21: Rp.000 | E21: ='Balin-A'!$G$168/1000 -> 70457.699 | F21: ='Kumai-A'!$G$168/1000 -> 0 | G21: ='Sinta-A'!$G$168/1000 -> 39395.376 | H21: ='Lokal-A'!$G$168/1000 -> 0 | I21: =sum(E21:H21) -> 109853.07
C22: RKO | D22: Rp.000 | E22: ='Balin-A'!$H$168/1000 -> 81717 | F22: ='Kumai-A'!$H$168/1000 -> 0 | G22: ='Sinta-A'!$H$168/1000 -> 0 | H22: ='Lokal-A'!$H$168/1000 -> 0 | I22: =sum(E22:H22) -> 81717
C23: RKAP | D23: Rp.000 | E23: ='Balin-A'!$I$168/1000 -> 81716.506 | F23: ='Kumai-A'!$I$168/1000 -> 0 | G23: ='Sinta-A'!$I$168/1000 -> 0 | H23: ='Lokal-A'!$I$168/1000 -> 0 | I23: =sum(E23:H23) -> 81716.506
C25: %/tase Bln Ini thdp Bln Lalu | D25: % | E25: =IFERROR(E19/E20*100,0) -> 129.04245 | F25: =IFERROR(F19/F20*100,0) -> 0 | G25: =IFERROR(G19/G20*100,0) -> 111.38484 | H25: =IFERROR(H19/H20*100,0) -> 0 | I25: =IFERROR(I19/I20*100,0) -> 118.23559
C26: %/tase Bln Ini thdp Thn Lalu | D26: % | E26: =IFERROR(E19/E21*100,0) -> 121.70454 | F26: =IFERROR(F19/F21*100,0) -> 0 | G26: =IFERROR(G19/G21*100,0) -> 17.776591 | H26: =IFERROR(H19/H21*100,0) -> 0 | I26: =IFERROR(I19/I21*100,0) -> 84.434023
C27: %/tase Bln Ini thdp RKO | D27: % | E27: =IFERROR(E19/E22*100,0) -> 104.93559 | F27: =IFERROR(F19/F22*100,0) -> 0 | G27: =IFERROR(G19/G22*100,0) -> 0 | H27: =IFERROR(H19/H22*100,0) -> 0 | I27: =IFERROR(I19/I22*100,0) -> 113.5056
C28: %/tase Bln Ini thdp RKAP | D28: % | E28: =IFERROR(E19/E23*100,0) -> 104.93622 | F28: =IFERROR(F19/F23*100,0) -> 0 | G28: =IFERROR(G19/G23*100,0) -> 0 | H28: =IFERROR(H19/H23*100,0) -> 0 | I28: =IFERROR(I19/I23*100,0) -> 113.50629
A30: 3 | B30: Biaya Perjalanan Dalam Kebun | C30: Bln Ini | D30: Rp.000 | E30: ='Balin-A'!$E$172/1000 -> 28306.05 | F30: ='Kumai-A'!$E$172/1000 -> 0 | G30: ='Sinta-A'!$E$172/1000 -> 0 | H30: ='Lokal-A'!$E$172/1000 -> 0 | I30: =sum(E30:H30) -> 28306.05
C31: Bln Lalu | D31: Rp.000 | E31: ='Balin-A'!$F$172/1000 -> 26237.103 | F31: ='Kumai-A'!$F$172/1000 -> 0 | G31: ='Sinta-A'!$F$172/1000 -> 0 | H31: ='Lokal-A'!$F$172/1000 -> 0 | I31: =sum(E31:H31) -> 26237.103
C32: Thn Lalu | D32: Rp.000 | E32: ='Balin-A'!$G$172/1000 -> 19698.252 | F32: ='Kumai-A'!$G$172/1000 -> 0 | G32: ='Sinta-A'!$G$172/1000 -> 3426.46 | H32: ='Lokal-A'!$G$172/1000 -> 0 | I32: =sum(E32:H32) -> 23124.712
C33: RKO | D33: Rp.000 | E33: ='Balin-A'!$H$172/1000 -> 22253 | F33: ='Kumai-A'!$H$172/1000 -> 0 | G33: ='Sinta-A'!$H$172/1000 -> 0 | H33: ='Lokal-A'!$H$172/1000 -> 0 | I33: =sum(E33:H33) -> 22253
C34: RKAP | D34: Rp.000 | E34: ='Balin-A'!$I$172/1000 -> 22252.551 | F34: ='Kumai-A'!$I$172/1000 -> 0 | G34: ='Sinta-A'!$I$172/1000 -> 0 | H34: ='Lokal-A'!$I$172/1000 -> 0 | I34: =sum(E34:H34) -> 22252.551
C36: %/tase Bln Ini thdp Bln Lalu | D36: % | E36: =IFERROR(E30/E31*100,0) -> 107.88558 | F36: =IFERROR(F30/F31*100,0) -> 0 | G36: =IFERROR(G30/G31*100,0) -> 0 | H36: =IFERROR(H30/H31*100,0) -> 0 | I36: =IFERROR(I30/I31*100,0) -> 107.88558
C37: %/tase Bln Ini thdp Thn Lalu | D37: % | E37: =IFERROR(E30/E32*100,0) -> 143.69828 | F37: =IFERROR(F30/F32*100,0) -> 0 | G37: =IFERROR(G30/G32*100,0) -> 0 | H37: =IFERROR(H30/H32*100,0) -> 0 | I37: =IFERROR(I30/I32*100,0) -> 122.40606
C38: %/tase Bln Ini thdp RKO | D38: % | E38: =IFERROR(E30/E33*100,0) -> 127.20105 | F38: =IFERROR(F30/F33*100,0) -> 0 | G38: =IFERROR(G30/G33*100,0) -> 0 | H38: =IFERROR(H30/H33*100,0) -> 0 | I38: =IFERROR(I30/I33*100,0) -> 127.20105
C39: %/tase Bln Ini thdp RKAP | D39: % | E39: =IFERROR(E30/E34*100,0) -> 127.20362 | F39: =IFERROR(F30/F34*100,0) -> 0 | G39: =IFERROR(G30/G34*100,0) -> 0 | H39: =IFERROR(H30/H34*100,0) -> 0 | I39: =IFERROR(I30/I34*100,0) -> 127.20362
A41: 4 | B41: Biaya Pemeliharaan Emplasmen | C41: Bln Ini | D41: Rp.000 | E41: ='Balin-A'!$E$174/1000 -> 0 | F41: ='Kumai-A'!$E$174/1000 -> 0 | G41: ='Sinta-A'!$E$174/1000 -> 0 | H41: ='Lokal-A'!$E$174/1000 -> 0 | I41: =sum(E41:H41) -> 0
C42: Bln Lalu | D42: Rp.000 | E42: ='Balin-A'!$F$174/1000 -> 0 | F42: ='Kumai-A'!$F$174/1000 -> 0 | G42: ='Sinta-A'!$F$174/1000 -> 0 | H42: ='Lokal-A'!$F$174/1000 -> 0 | I42: =sum(E42:H42) -> 0
C43: Thn Lalu | D43: Rp.000 | E43: ='Balin-A'!$G$174/1000 -> 0 | F43: ='Kumai-A'!$G$174/1000 -> 0 | G43: ='Sinta-A'!$G$174/1000 -> 0 | H43: ='Lokal-A'!$G$174/1000 -> 0 | I43: =sum(E43:H43) -> 0
C44: RKO | D44: Rp.000 | E44: ='Balin-A'!$H$174/1000 -> 0 | F44: ='Kumai-A'!$H$174/1000 -> 0 | G44: ='Sinta-A'!$H$174/1000 -> 0 | H44: ='Lokal-A'!$H$174/1000 -> 0 | I44: =sum(E44:H44) -> 0
C45: RKAP | D45: Rp.000 | E45: ='Balin-A'!$I$174/1000 -> 0 | F45: ='Kumai-A'!$I$174/1000 -> 0 | G45: ='Sinta-A'!$I$174/1000 -> 0 | H45: ='Lokal-A'!$I$174/1000 -> 0 | I45: =sum(E45:H45) -> 0
C47: %/tase Bln Ini thdp Bln Lalu | D47: % | E47: =IFERROR(E41/E42*100,0) -> 0 | F47: =IFERROR(F41/F42*100,0) -> 0 | G47: =IFERROR(G41/G42*100,0) -> 0 | H47: =IFERROR(H41/H42*100,0) -> 0 | I47: =IFERROR(I41/I42*100,0) -> 0
C48: %/tase Bln Ini thdp Thn Lalu | D48: % | E48: =IFERROR(E41/E43*100,0) -> 0 | F48: =IFERROR(F41/F43*100,0) -> 0 | G48: =IFERROR(G41/G43*100,0) -> 0 | H48: =IFERROR(H41/H43*100,0) -> 0 | I48: =IFERROR(I41/I43*100,0) -> 0
C49: %/tase Bln Ini thdp RKO | D49: % | E49: =IFERROR(E41/E44*100,0) -> 0 | F49: =IFERROR(F41/F44*100,0) -> 0 | G49: =IFERROR(G41/G44*100,0) -> 0 | H49: =IFERROR(H41/H44*100,0) -> 0 | I49: =IFERROR(I41/I44*100,0) -> 0
C50: %/tase Bln Ini thdp RKAP | D50: % | E50: =IFERROR(E41/E45*100,0) -> 0 | F50: =IFERROR(F41/F45*100,0) -> 0 | G50: =IFERROR(G41/G45*100,0) -> 0 | H50: =IFERROR(H41/H45*100,0) -> 0 | I50: =IFERROR(I41/I45*100,0) -> 0
A52: 5 | B52: Biaya Pemeliharaan Bangunan Rumah | C52: Bln Ini | D52: Rp.000 | E52: ='Balin-A'!$E$175/1000 -> 0 | F52: ='Kumai-A'!$E$175/1000 -> 0 | G52: ='Sinta-A'!$E$175/1000 -> 0 | H52: ='Lokal-A'!$E$175/1000 -> 0 | I52: =sum(E52:H52) -> 0
C53: Bln Lalu | D53: Rp.000 | E53: ='Balin-A'!$F$175/1000 -> 518.96 | F53: ='Kumai-A'!$F$175/1000 -> 0 | G53: ='Sinta-A'!$F$175/1000 -> 0 | H53: ='Lokal-A'!$F$175/1000 -> 0 | I53: =sum(E53:H53) -> 518.96
C54: Thn Lalu | D54: Rp.000 | E54: ='Balin-A'!$G$175/1000 -> 0 | F54: ='Kumai-A'!$G$175/1000 -> 0 | G54: ='Sinta-A'!$G$175/1000 -> 0 | H54: ='Lokal-A'!$G$175/1000 -> 0 | I54: =sum(E54:H54) -> 0
C55: RKO | D55: Rp.000 | E55: ='Balin-A'!$H$175/1000 -> 7190 | F55: ='Kumai-A'!$H$175/1000 -> 0 | G55: ='Sinta-A'!$H$175/1000 -> 0 | H55: ='Lokal-A'!$H$175/1000 -> 0 | I55: =sum(E55:H55) -> 7190
C56: RKAP | D56: Rp.000 | E56: ='Balin-A'!$I$175/1000 -> 7189.843 | F56: ='Kumai-A'!$I$175/1000 -> 0 | G56: ='Sinta-A'!$I$175/1000 -> 0 | H56: ='Lokal-A'!$I$175/1000 -> 0 | I56: =sum(E56:H56) -> 7189.843
C58: %/tase Bln Ini thdp Bln Lalu | D58: % | E58: =IFERROR(E52/E53*100,0) -> 0 | F58: =IFERROR(F52/F53*100,0) -> 0 | G58: =IFERROR(G52/G53*100,0) -> 0 | H58: =IFERROR(H52/H53*100,0) -> 0 | I58: =IFERROR(I52/I53*100,0) -> 0
C59: %/tase Bln Ini thdp Thn Lalu | D59: % | E59: =IFERROR(E52/E54*100,0) -> 0 | F59: =IFERROR(F52/F54*100,0) -> 0 | G59: =IFERROR(G52/G54*100,0) -> 0 | H59: =IFERROR(H52/H54*100,0) -> 0 | I59: =IFERROR(I52/I54*100,0) -> 0
C60: %/tase Bln Ini thdp RKO | D60: % | E60: =IFERROR(E52/E55*100,0) -> 0 | F60: =IFERROR(F52/F55*100,0) -> 0 | G60: =IFERROR(G52/G55*100,0) -> 0 | H60: =IFERROR(H52/H55*100,0) -> 0 | I60: =IFERROR(I52/I55*100,0) -> 0
C61: %/tase Bln Ini thdp RKAP | D61: % | E61: =IFERROR(E52/E56*100,0) -> 0 | F61: =IFERROR(F52/F56*100,0) -> 0 | G61: =IFERROR(G52/G56*100,0) -> 0 | H61: =IFERROR(H52/H56*100,0) -> 0 | I61: =IFERROR(I52/I56*100,0) -> 0
A63: 6 | B63: Biaya Pemeliharaan Bangunan Perusahaan | C63: Bln Ini | D63: Rp.000 | E63: ='Balin-A'!$E$176/1000 -> 17108.848 | F63: ='Kumai-A'!$E$176/1000 -> 0 | G63: ='Sinta-A'!$E$176/1000 -> 0 | H63: ='Lokal-A'!$E$176/1000 -> 0 | I63: =sum(E63:H63) -> 17108.848
C64: Bln Lalu | D64: Rp.000 | E64: ='Balin-A'!$F$176/1000 -> 14146.34 | F64: ='Kumai-A'!$F$176/1000 -> 0 | G64: ='Sinta-A'!$F$176/1000 -> 0 | H64: ='Lokal-A'!$F$176/1000 -> 0 | I64: =sum(E64:H64) -> 14146.34
C65: Thn Lalu | D65: Rp.000 | E65: ='Balin-A'!$G$176/1000 -> 13718.574 | F65: ='Kumai-A'!$G$176/1000 -> 0 | G65: ='Sinta-A'!$G$176/1000 -> 50 | H65: ='Lokal-A'!$G$176/1000 -> 0 | I65: =sum(E65:H65) -> 13768.574
C66: RKO | D66: Rp.000 | E66: ='Balin-A'!$H$176/1000 -> 0 | F66: ='Kumai-A'!$H$176/1000 -> 0 | G66: ='Sinta-A'!$H$176/1000 -> 0 | H66: ='Lokal-A'!$H$176/1000 -> 0 | I66: =sum(E66:H66) -> 0
C67: RKAP | D67: Rp.000 | E67: ='Balin-A'!$I$176/1000 -> 0 | F67: ='Kumai-A'!$I$176/1000 -> 0 | G67: ='Sinta-A'!$I$176/1000 -> 0 | H67: ='Lokal-A'!$I$176/1000 -> 0 | I67: =sum(E67:H67) -> 0
C69: %/tase Bln Ini thdp Bln Lalu | D69: % | E69: =IFERROR(E63/E64*100,0) -> 120.94187 | F69: =IFERROR(F63/F64*100,0) -> 0 | G69: =IFERROR(G63/G64*100,0) -> 0 | H69: =IFERROR(H63/H64*100,0) -> 0 | I69: =IFERROR(I63/I64*100,0) -> 120.94187
C70: %/tase Bln Ini thdp Thn Lalu | D70: % | E70: =IFERROR(E63/E65*100,0) -> 124.71302 | F70: =IFERROR(F63/F65*100,0) -> 0 | G70: =IFERROR(G63/G65*100,0) -> 0 | H70: =IFERROR(H63/H65*100,0) -> 0 | I70: =IFERROR(I63/I65*100,0) -> 124.26013
C71: %/tase Bln Ini thdp RKO | D71: % | E71: =IFERROR(E63/E66*100,0) -> 0 | F71: =IFERROR(F63/F66*100,0) -> 0 | G71: =IFERROR(G63/G66*100,0) -> 0 | H71: =IFERROR(H63/H66*100,0) -> 0 | I71: =IFERROR(I63/I66*100,0) -> 0
C72: %/tase Bln Ini thdp RKAP | D72: % | E72: =IFERROR(E63/E67*100,0) -> 0 | F72: =IFERROR(F63/F67*100,0) -> 0 | G72: =IFERROR(G63/G67*100,0) -> 0 | H72: =IFERROR(H63/H67*100,0) -> 0 | I72: =IFERROR(I63/I67*100,0) -> 0
A74: 7 | B74: Pemakaian dan Pemeliharaan Sistem Komputer | C74: Bln Ini | D74: Rp.000 | E74: ='Balin-A'!$E$177/1000 -> 0 | F74: ='Kumai-A'!$E$177/1000 -> 0 | G74: ='Sinta-A'!$E$177/1000 -> 700 | H74: ='Lokal-A'!$E$177/1000 -> 0 | I74: =sum(E74:H74) -> 700
C75: Bln Lalu | D75: Rp.000 | E75: ='Balin-A'!$F$177/1000 -> 425 | F75: ='Kumai-A'!$F$177/1000 -> 0 | G75: ='Sinta-A'!$F$177/1000 -> 0 | H75: ='Lokal-A'!$F$177/1000 -> 0 | I75: =sum(E75:H75) -> 425
C76: Thn Lalu | D76: Rp.000 | E76: ='Balin-A'!$G$177/1000 -> 1225 | F76: ='Kumai-A'!$G$177/1000 -> 0 | G76: ='Sinta-A'!$G$177/1000 -> 1570 | H76: ='Lokal-A'!$G$177/1000 -> 0 | I76: =sum(E76:H76) -> 2795
C77: RKO | D77: Rp.000 | E77: ='Balin-A'!$H$177/1000 -> 0 | F77: ='Kumai-A'!$H$177/1000 -> 0 | G77: ='Sinta-A'!$H$177/1000 -> 0 | H77: ='Lokal-A'!$H$177/1000 -> 0 | I77: =sum(E77:H77) -> 0
C78: RKAP | D78: Rp.000 | E78: ='Balin-A'!$I$177/1000 -> 0 | F78: ='Kumai-A'!$I$177/1000 -> 0 | G78: ='Sinta-A'!$I$177/1000 -> 0 | H78: ='Lokal-A'!$I$177/1000 -> 0 | I78: =sum(E78:H78) -> 0
C80: %/tase Bln Ini thdp Bln Lalu | D80: % | E80: =IFERROR(E74/E75*100,0) -> 0 | F80: =IFERROR(F74/F75*100,0) -> 0 | G80: =IFERROR(G74/G75*100,0) -> 0 | H80: =IFERROR(H74/H75*100,0) -> 0 | I80: =IFERROR(I74/I75*100,0) -> 164.70588
C81: %/tase Bln Ini thdp Thn Lalu | D81: % | E81: =IFERROR(E74/E76*100,0) -> 0 | F81: =IFERROR(F74/F76*100,0) -> 0 | G81: =IFERROR(G74/G76*100,0) -> 44.585987 | H81: =IFERROR(H74/H76*100,0) -> 0 | I81: =IFERROR(I74/I76*100,0) -> 25.044723
C82: %/tase Bln Ini thdp RKO | D82: % | E82: =IFERROR(E74/E77*100,0) -> 0 | F82: =IFERROR(F74/F77*100,0) -> 0 | G82: =IFERROR(G74/G77*100,0) -> 0 | H82: =IFERROR(H74/H77*100,0) -> 0 | I82: =IFERROR(I74/I77*100,0) -> 0
C83: %/tase Bln Ini thdp RKAP | D83: % | E83: =IFERROR(E74/E78*100,0) -> 0 | F83: =IFERROR(F74/F78*100,0) -> 0 | G83: =IFERROR(G74/G78*100,0) -> 0 | H83: =IFERROR(H74/H78*100,0) -> 0 | I83: =IFERROR(I74/I78*100,0) -> 0
A85: 8 | B85: Biaya Pemeliharaan Jalan, Jembatan & Saluran Air | C85: Bln Ini | D85: Rp.000 | E85: ='Balin-A'!$E$178/1000 -> 11492 | F85: ='Kumai-A'!$E$178/1000 -> 0 | G85: ='Sinta-A'!$E$178/1000 -> 0 | H85: ='Lokal-A'!$E$178/1000 -> 0 | I85: =sum(E85:H85) -> 11492
C86: Bln Lalu | D86: Rp.000 | E86: ='Balin-A'!$F$178/1000 -> 15184 | F86: ='Kumai-A'!$F$178/1000 -> 0 | G86: ='Sinta-A'!$F$178/1000 -> 0 | H86: ='Lokal-A'!$F$178/1000 -> 0 | I86: =sum(E86:H86) -> 15184
C87: Thn Lalu | D87: Rp.000 | E87: ='Balin-A'!$G$178/1000 -> 8320 | F87: ='Kumai-A'!$G$178/1000 -> 0 | G87: ='Sinta-A'!$G$178/1000 -> 0 | H87: ='Lokal-A'!$G$178/1000 -> 0 | I87: =sum(E87:H87) -> 8320
C88: RKO | D88: Rp.000 | E88: ='Balin-A'!$H$178/1000 -> 0 | F88: ='Kumai-A'!$H$178/1000 -> 0 | G88: ='Sinta-A'!$H$178/1000 -> 0 | H88: ='Lokal-A'!$H$178/1000 -> 0 | I88: =sum(E88:H88) -> 0
C89: RKAP | D89: Rp.000 | E89: ='Balin-A'!$I$178/1000 -> 0 | F89: ='Kumai-A'!$I$178/1000 -> 0 | G89: ='Sinta-A'!$I$178/1000 -> 0 | H89: ='Lokal-A'!$I$178/1000 -> 0 | I89: =sum(E89:H89) -> 0
C91: %/tase Bln Ini thdp Bln Lalu | D91: % | E91: =IFERROR(E85/E86*100,0) -> 75.684932 | F91: =IFERROR(F85/F86*100,0) -> 0 | G91: =IFERROR(G85/G86*100,0) -> 0 | H91: =IFERROR(H85/H86*100,0) -> 0 | I91: =IFERROR(I85/I86*100,0) -> 75.684932
C92: %/tase Bln Ini thdp Thn Lalu | D92: % | E92: =IFERROR(E85/E87*100,0) -> 138.125 | F92: =IFERROR(F85/F87*100,0) -> 0 | G92: =IFERROR(G85/G87*100,0) -> 0 | H92: =IFERROR(H85/H87*100,0) -> 0 | I92: =IFERROR(I85/I87*100,0) -> 138.125
C93: %/tase Bln Ini thdp RKO | D93: % | E93: =IFERROR(E85/E88*100,0) -> 0 | F93: =IFERROR(F85/F88*100,0) -> 0 | G93: =IFERROR(G85/G88*100,0) -> 0 | H93: =IFERROR(H85/H88*100,0) -> 0 | I93: =IFERROR(I85/I88*100,0) -> 0
C94: %/tase Bln Ini thdp RKAP | D94: % | E94: =IFERROR(E85/E89*100,0) -> 0 | F94: =IFERROR(F85/F89*100,0) -> 0 | G94: =IFERROR(G85/G89*100,0) -> 0 | H94: =IFERROR(H85/H89*100,0) -> 0 | I94: =IFERROR(I85/I89*100,0) -> 0
A96: 9 | B96: Pajak Bumi dan Bangunan | C96: Bln Ini | D96: Rp.000 | E96: ='Balin-A'!$E$182/1000 -> 74115.892 | F96: ='Kumai-A'!$E$182/1000 -> 0 | G96: ='Sinta-A'!$E$182/1000 -> 0 | H96: ='Lokal-A'!$E$182/1000 -> 0 | I96: =sum(E96:H96) -> 74115.892
C97: Bln Lalu | D97: Rp.000 | E97: ='Balin-A'!$F$182/1000 -> 74115.892 | F97: ='Kumai-A'!$F$182/1000 -> 0 | G97: ='Sinta-A'!$F$182/1000 -> 0 | H97: ='Lokal-A'!$F$182/1000 -> 0 | I97: =sum(E97:H97) -> 74115.892
C98: Thn Lalu | D98: Rp.000 | E98: ='Balin-A'!$G$182/1000 -> 0 | F98: ='Kumai-A'!$G$182/1000 -> 0 | G98: ='Sinta-A'!$G$182/1000 -> 0 | H98: ='Lokal-A'!$G$182/1000 -> 0 | I98: =sum(E98:H98) -> 0
C99: RKO | D99: Rp.000 | E99: ='Balin-A'!$H$182/1000 -> 74116 | F99: ='Kumai-A'!$H$182/1000 -> 0 | G99: ='Sinta-A'!$H$182/1000 -> 0 | H99: ='Lokal-A'!$H$182/1000 -> 0 | I99: =sum(E99:H99) -> 74116
C100: RKAP | D100: Rp.000 | E100: ='Balin-A'!$I$182/1000 -> 74115.892 | F100: ='Kumai-A'!$I$182/1000 -> 0 | G100: ='Sinta-A'!$I$182/1000 -> 0 | H100: ='Lokal-A'!$I$182/1000 -> 0 | I100: =sum(E100:H100) -> 74115.892
C102: %/tase Bln Ini thdp Bln Lalu | D102: % | E102: =IFERROR(E96/E97*100,0) -> 100 | F102: =IFERROR(F96/F97*100,0) -> 0 | G102: =IFERROR(G96/G97*100,0) -> 0 | H102: =IFERROR(H96/H97*100,0) -> 0 | I102: =IFERROR(I96/I97*100,0) -> 100
C103: %/tase Bln Ini thdp Thn Lalu | D103: % | E103: =IFERROR(E96/E98*100,0) -> 0 | F103: =IFERROR(F96/F98*100,0) -> 0 | G103: =IFERROR(G96/G98*100,0) -> 0 | H103: =IFERROR(H96/H98*100,0) -> 0 | I103: =IFERROR(I96/I98*100,0) -> 0
C104: %/tase Bln Ini thdp RKO | D104: % | E104: =IFERROR(E96/E99*100,0) -> 99.999854 | F104: =IFERROR(F96/F99*100,0) -> 0 | G104: =IFERROR(G96/G99*100,0) -> 0 | H104: =IFERROR(H96/H99*100,0) -> 0 | I104: =IFERROR(I96/I99*100,0) -> 99.999854
C105: %/tase Bln Ini thdp RKAP | D105: % | E105: =IFERROR(E96/E100*100,0) -> 100 | F105: =IFERROR(F96/F100*100,0) -> 0 | G105: =IFERROR(G96/G100*100,0) -> 0 | H105: =IFERROR(H96/H100*100,0) -> 0 | I105: =IFERROR(I96/I100*100,0) -> 100
A107: 10 | B107: Biaya Asuransi Umum | C107: Bln Ini | D107: Rp.000 | E107: ='Balin-A'!$E$183/1000 -> 0 | F107: ='Kumai-A'!$E$183/1000 -> 0 | G107: ='Sinta-A'!$E$183/1000 -> 0 | H107: ='Lokal-A'!$E$183/1000 -> 0 | I107: =sum(E107:H107) -> 0
C108: Bln Lalu | D108: Rp.000 | E108: ='Balin-A'!$F$183/1000 -> 0 | F108: ='Kumai-A'!$F$183/1000 -> 0 | G108: ='Sinta-A'!$F$183/1000 -> 0 | H108: ='Lokal-A'!$F$183/1000 -> 0 | I108: =sum(E108:H108) -> 0
C109: Thn Lalu | D109: Rp.000 | E109: ='Balin-A'!$G$183/1000 -> 0 | F109: ='Kumai-A'!$G$183/1000 -> 0 | G109: ='Sinta-A'!$G$183/1000 -> 0 | H109: ='Lokal-A'!$G$183/1000 -> 0 | I109: =sum(E109:H109) -> 0
C110: RKO | D110: Rp.000 | E110: ='Balin-A'!$H$183/1000 -> 44 | F110: ='Kumai-A'!$H$183/1000 -> 0 | G110: ='Sinta-A'!$H$183/1000 -> 0 | H110: ='Lokal-A'!$H$183/1000 -> 0 | I110: =sum(E110:H110) -> 44
C111: RKAP | D111: Rp.000 | E111: ='Balin-A'!$I$183/1000 -> 44 | F111: ='Kumai-A'!$I$183/1000 -> 0 | G111: ='Sinta-A'!$I$183/1000 -> 0 | H111: ='Lokal-A'!$I$183/1000 -> 0 | I111: =sum(E111:H111) -> 44
C113: %/tase Bln Ini thdp Bln Lalu | D113: % | E113: =IFERROR(E107/E108*100,0) -> 0 | F113: =IFERROR(F107/F108*100,0) -> 0 | G113: =IFERROR(G107/G108*100,0) -> 0 | H113: =IFERROR(H107/H108*100,0) -> 0 | I113: =IFERROR(I107/I108*100,0) -> 0
C114: %/tase Bln Ini thdp Thn Lalu | D114: % | E114: =IFERROR(E107/E109*100,0) -> 0 | F114: =IFERROR(F107/F109*100,0) -> 0 | G114: =IFERROR(G107/G109*100,0) -> 0 | H114: =IFERROR(H107/H109*100,0) -> 0 | I114: =IFERROR(I107/I109*100,0) -> 0
C115: %/tase Bln Ini thdp RKO | D115: % | E115: =IFERROR(E107/E110*100,0) -> 0 | F115: =IFERROR(F107/F110*100,0) -> 0 | G115: =IFERROR(G107/G110*100,0) -> 0 | H115: =IFERROR(H107/H110*100,0) -> 0 | I115: =IFERROR(I107/I110*100,0) -> 0
C116: %/tase Bln Ini thdp RKAP | D116: % | E116: =IFERROR(E107/E111*100,0) -> 0 | F116: =IFERROR(F107/F111*100,0) -> 0 | G116: =IFERROR(G107/G111*100,0) -> 0 | H116: =IFERROR(H107/H111*100,0) -> 0 | I116: =IFERROR(I107/I111*100,0) -> 0
A118: 11 | B118: Biaya Keamanan | C118: Bln Ini | D118: Rp.000 | E118: ='Balin-A'!$E$184/1000 -> 91100.501 | F118: ='Kumai-A'!$E$184/1000 -> 0 | G118: ='Sinta-A'!$E$184/1000 -> 74621.074 | H118: ='Lokal-A'!$E$184/1000 -> 0 | I118: =sum(E118:H118) -> 165721.58
C119: Bln Lalu | D119: Rp.000 | E119: ='Balin-A'!$F$184/1000 -> 69891.788 | F119: ='Kumai-A'!$F$184/1000 -> 0 | G119: ='Sinta-A'!$F$184/1000 -> 40107.511 | H119: ='Lokal-A'!$F$184/1000 -> 3889.024 | I119: =sum(E119:H119) -> 113888.32
C120: Thn Lalu | D120: Rp.000 | E120: ='Balin-A'!$G$184/1000 -> 74362.776 | F120: ='Kumai-A'!$G$184/1000 -> 0 | G120: ='Sinta-A'!$G$184/1000 -> 58498.893 | H120: ='Lokal-A'!$G$184/1000 -> 0 | I120: =sum(E120:H120) -> 132861.67
C121: RKO | D121: Rp.000 | E121: ='Balin-A'!$H$184/1000 -> 98675 | F121: ='Kumai-A'!$H$184/1000 -> 0 | G121: ='Sinta-A'!$H$184/1000 -> 0 | H121: ='Lokal-A'!$H$184/1000 -> 0 | I121: =sum(E121:H121) -> 98675
...

Sheet K-OHC2
A1: PT. PERKEBUNAN NUSANTARA IV - REGINAL V
A2: MONITORING CAPAIAN BIAYA TIDAK LANGSUNG
A3: =UPPER('Balin-A'!N5) -> SD BULAN MEI 2026
A5: No | B5: Uraian | C5: Ket | D5: Sat | E5: Unit Kerja
E6: Balin | F6: Kumai | G6: Sinta | H6: Lokal | I6: Jlh
A7: I. | B7: Biaya Tidak Langsung
A8: 1 | B8: Gaji dan Biaya Sosial Karpim | C8: sd Bln Ini | D8: Rp.000 | E8: ='Balin-A'!$N$167/1000 -> 328288.55 | F8: ='Kumai-A'!$N$167/1000 -> 0 | G8: ='Sinta-A'!$N$167/1000 -> 70005.756 | H8: ='Lokal-A'!$N$167/1000 -> 0 | I8: =sum(E8:H8) -> 398294.3
C9: Bln Lalu | D9: Rp.000 | E9: ='Balin-A'!$F$167/1000 -> 68837.3 | F9: ='Kumai-A'!$F$167/1000 -> 0 | G9: ='Sinta-A'!$F$167/1000 -> 15562.982 | H9: ='Lokal-A'!$F$167/1000 -> 0 | I9: =sum(E9:H9) -> 84400.282
C10: Thn Lalu | D10: Rp.000 | E10: ='Balin-A'!$O$167/1000 -> 228052.48 | F10: ='Kumai-A'!$O$167/1000 -> 0 | G10: ='Sinta-A'!$O$167/1000 -> 64840.554 | H10: ='Lokal-A'!$O$167/1000 -> 0 | I10: =sum(E10:H10) -> 292893.04
C11: RKO | D11: Rp.000 | E11: ='Balin-A'!$P$167/1000 -> 265339 | F11: ='Kumai-A'!$P$167/1000 -> 0 | G11: ='Sinta-A'!$P$167/1000 -> 0 | H11: ='Lokal-A'!$P$167/1000 -> 0 | I11: =sum(E11:H11) -> 265339
C12: RKAP | D12: Rp.000 | E12: ='Balin-A'!$Q$167/1000 -> 265339.18 | F12: ='Kumai-A'!$Q$167/1000 -> 0 | G12: ='Sinta-A'!$Q$167/1000 -> 0 | H12: ='Lokal-A'!$Q$167/1000 -> 0 | I12: =sum(E12:H12) -> 265339.18
C14: %/tase sd Bln Ini thdp Bln Lalu | D14: % | E14: =IFERROR(E8/E9*100,0) -> 476.90503 | F14: =IFERROR(F8/F9*100,0) -> 0 | G14: =IFERROR(G8/G9*100,0) -> 449.82225 | H14: =IFERROR(H8/H9*100,0) -> 0 | I14: =IFERROR(I8/I9*100,0) -> 471.9111
C15: %/tase sd Bln Ini thdp Thn Lalu | D15: % | E15: =IFERROR(E8/E10*100,0) -> 143.95307 | F15: =IFERROR(F8/F10*100,0) -> 0 | G15: =IFERROR(G8/G10*100,0) -> 107.96601 | H15: =IFERROR(H8/H10*100,0) -> 0 | I15: =IFERROR(I8/I10*100,0) -> 135.98626
C16: %/tase sd Bln Ini thdp RKO | D16: % | E16: =IFERROR(E8/E11*100,0) -> 123.7242 | F16: =IFERROR(F8/F11*100,0) -> 0 | G16: =IFERROR(G8/G11*100,0) -> 0 | H16: =IFERROR(H8/H11*100,0) -> 0 | I16: =IFERROR(I8/I11*100,0) -> 150.10771
C17: %/tase sd Bln Ini thdp RKAP | D17: % | E17: =IFERROR(E8/E12*100,0) -> 123.72411 | F17: =IFERROR(F8/F12*100,0) -> 0 | G17: =IFERROR(G8/G12*100,0) -> 0 | H17: =IFERROR(H8/H12*100,0) -> 0 | I17: =IFERROR(I8/I12*100,0) -> 150.10761
A19: 2 | B19: Gaji dan Biaya Sosial Karpel | C19: sd Bln Ini | D19: Rp.000 | E19: ='Balin-A'!$N$168/1000 -> 350658.56 | F19: ='Kumai-A'!$N$168/1000 -> 0 | G19: ='Sinta-A'!$N$168/1000 -> 31792.96 | H19: ='Lokal-A'!$N$168/1000 -> 8539.632 | I19: =sum(E19:H19) -> 390991.15
C20: Bln Lalu | D20: Rp.000 | E20: ='Balin-A'!$F$168/1000 -> 66451.17 | F20: ='Kumai-A'!$F$168/1000 -> 0 | G20: ='Sinta-A'!$F$168/1000 -> 6287.35 | H20: ='Lokal-A'!$F$168/1000 -> 5709.408 | I20: =sum(E20:H20) -> 78447.928
C21: Thn Lalu | D21: Rp.000 | E21: ='Balin-A'!$O$168/1000 -> 491220.35 | F21: ='Kumai-A'!$O$168/1000 -> 0 | G21: ='Sinta-A'!$O$168/1000 -> 249455.6 | H21: ='Lokal-A'!$O$168/1000 -> 0 | I21: =sum(E21:H21) -> 740675.95
C22: RKO | D22: Rp.000 | E22: ='Balin-A'!$P$168/1000 -> 421955 | F22: ='Kumai-A'!$P$168/1000 -> 0 | G22: ='Sinta-A'!$P$168/1000 -> 0 | H22: ='Lokal-A'!$P$168/1000 -> 0 | I22: =sum(E22:H22) -> 421955
C23: RKAP | D23: Rp.000 | E23: ='Balin-A'!$Q$168/1000 -> 421954.84 | F23: ='Kumai-A'!$Q$168/1000 -> 0 | G23: ='Sinta-A'!$Q$168/1000 -> 0 | H23: ='Lokal-A'!$Q$168/1000 -> 0 | I23: =sum(E23:H23) -> 421954.84
C25: %/tase sd Bln Ini thdp Bln Lalu | D25: % | E25: =IFERROR(E19/E20*100,0) -> 527.69358 | F25: =IFERROR(F19/F20*100,0) -> 0 | G25: =IFERROR(G19/G20*100,0) -> 505.6655 | H25: =IFERROR(H19/H20*100,0) -> 149.57123 | I25: =IFERROR(I19/I20*100,0) -> 498.40851
C26: %/tase sd Bln Ini thdp Thn Lalu | D26: % | E26: =IFERROR(E19/E21*100,0) -> 71.385186 | F26: =IFERROR(F19/F21*100,0) -> 0 | G26: =IFERROR(G19/G21*100,0) -> 12.744937 | H26: =IFERROR(H19/H21*100,0) -> 0 | I26: =IFERROR(I19/I21*100,0) -> 52.788423
C27: %/tase sd Bln Ini thdp RKO | D27: % | E27: =IFERROR(E19/E22*100,0) -> 83.103307 | F27: =IFERROR(F19/F22*100,0) -> 0 | G27: =IFERROR(G19/G22*100,0) -> 0 | H27: =IFERROR(H19/H22*100,0) -> 0 | I27: =IFERROR(I19/I22*100,0) -> 92.661813
C28: %/tase sd Bln Ini thdp RKAP | D28: % | E28: =IFERROR(E19/E23*100,0) -> 83.103338 | F28: =IFERROR(F19/F23*100,0) -> 0 | G28: =IFERROR(G19/G23*100,0) -> 0 | H28: =IFERROR(H19/H23*100,0) -> 0 | I28: =IFERROR(I19/I23*100,0) -> 92.661847
A30: 3 | B30: Biaya Perjalanan Dalam Kebun | C30: sd Bln Ini | D30: Rp.000 | E30: ='Balin-A'!$N$172/1000 -> 147391.47 | F30: ='Kumai-A'!$N$172/1000 -> 0 | G30: ='Sinta-A'!$N$172/1000 -> 8696.136 | H30: ='Lokal-A'!$N$172/1000 -> 0 | I30: =sum(E30:H30) -> 156087.61
C31: Bln Lalu | D31: Rp.000 | E31: ='Balin-A'!$F$172/1000 -> 26237.103 | F31: ='Kumai-A'!$F$172/1000 -> 0 | G31: ='Sinta-A'!$F$172/1000 -> 0 | H31: ='Lokal-A'!$F$172/1000 -> 0 | I31: =sum(E31:H31) -> 26237.103
C32: Thn Lalu | D32: Rp.000 | E32: ='Balin-A'!$O$172/1000 -> 104605.04 | F32: ='Kumai-A'!$O$172/1000 -> 0 | G32: ='Sinta-A'!$O$172/1000 -> 32079.987 | H32: ='Lokal-A'!$O$172/1000 -> 0 | I32: =sum(E32:H32) -> 136685.02
C33: RKO | D33: Rp.000 | E33: ='Balin-A'!$P$172/1000 -> 120878 | F33: ='Kumai-A'!$P$172/1000 -> 0 | G33: ='Sinta-A'!$P$172/1000 -> 0 | H33: ='Lokal-A'!$P$172/1000 -> 0 | I33: =sum(E33:H33) -> 120878
C34: RKAP | D34: Rp.000 | E34: ='Balin-A'!$Q$172/1000 -> 120878.14 | F34: ='Kumai-A'!$Q$172/1000 -> 0 | G34: ='Sinta-A'!$Q$172/1000 -> 0 | H34: ='Lokal-A'!$Q$172/1000 -> 0 | I34: =sum(E34:H34) -> 120878.14
C36: %/tase sd Bln Ini thdp Bln Lalu | D36: % | E36: =IFERROR(E30/E31*100,0) -> 561.76733 | F36: =IFERROR(F30/F31*100,0) -> 0 | G36: =IFERROR(G30/G31*100,0) -> 0 | H36: =IFERROR(H30/H31*100,0) -> 0 | I36: =IFERROR(I30/I31*100,0) -> 594.91176
C37: %/tase sd Bln Ini thdp Thn Lalu | D37: % | E37: =IFERROR(E30/E32*100,0) -> 140.90285 | F37: =IFERROR(F30/F32*100,0) -> 0 | G37: =IFERROR(G30/G32*100,0) -> 27.107667 | H37: =IFERROR(H30/H32*100,0) -> 0 | I37: =IFERROR(I30/I32*100,0) -> 114.19511
C38: %/tase sd Bln Ini thdp RKO | D38: % | E38: =IFERROR(E30/E33*100,0) -> 121.93408 | F38: =IFERROR(F30/F33*100,0) -> 0 | G38: =IFERROR(G30/G33*100,0) -> 0 | H38: =IFERROR(H30/H33*100,0) -> 0 | I38: =IFERROR(I30/I33*100,0) -> 129.12822
C39: %/tase sd Bln Ini thdp RKAP | D39: % | E39: =IFERROR(E30/E34*100,0) -> 121.93394 | F39: =IFERROR(F30/F34*100,0) -> 0 | G39: =IFERROR(G30/G34*100,0) -> 0 | H39: =IFERROR(H30/H34*100,0) -> 0 | I39: =IFERROR(I30/I34*100,0) -> 129.12807
A41: 4 | B41: Biaya Pemeliharaan Emplasmen | C41: sd Bln Ini | D41: Rp.000 | E41: ='Balin-A'!$N$174/1000 -> 200 | F41: ='Kumai-A'!$N$174/1000 -> 0 | G41: ='Sinta-A'!$N$174/1000 -> 0 | H41: ='Lokal-A'!$N$174/1000 -> 0 | I41: =sum(E41:H41) -> 200
C42: Bln Lalu | D42: Rp.000 | E42: ='Balin-A'!$F$174/1000 -> 0 | F42: ='Kumai-A'!$F$174/1000 -> 0 | G42: ='Sinta-A'!$F$174/1000 -> 0 | H42: ='Lokal-A'!$F$174/1000 -> 0 | I42: =sum(E42:H42) -> 0
C43: Thn Lalu | D43: Rp.000 | E43: ='Balin-A'!$O$174/1000 -> 0 | F43: ='Kumai-A'!$O$174/1000 -> 0 | G43: ='Sinta-A'!$O$174/1000 -> 0 | H43: ='Lokal-A'!$O$174/1000 -> 0 | I43: =sum(E43:H43) -> 0
C44: RKO | D44: Rp.000 | E44: ='Balin-A'!$P$174/1000 -> 0 | F44: ='Kumai-A'!$P$174/1000 -> 0 | G44: ='Sinta-A'!$P$174/1000 -> 0 | H44: ='Lokal-A'!$P$174/1000 -> 0 | I44: =sum(E44:H44) -> 0
C45: RKAP | D45: Rp.000 | E45: ='Balin-A'!$Q$174/1000 -> 0 | F45: ='Kumai-A'!$Q$174/1000 -> 0 | G45: ='Sinta-A'!$Q$174/1000 -> 0 | H45: ='Lokal-A'!$Q$174/1000 -> 0 | I45: =sum(E45:H45) -> 0
C47: %/tase sd Bln Ini thdp Bln Lalu | D47: % | E47: =IFERROR(E41/E42*100,0) -> 0 | F47: =IFERROR(F41/F42*100,0) -> 0 | G47: =IFERROR(G41/G42*100,0) -> 0 | H47: =IFERROR(H41/H42*100,0) -> 0 | I47: =IFERROR(I41/I42*100,0) -> 0
C48: %/tase sd Bln Ini thdp Thn Lalu | D48: % | E48: =IFERROR(E41/E43*100,0) -> 0 | F48: =IFERROR(F41/F43*100,0) -> 0 | G48: =IFERROR(G41/G43*100,0) -> 0 | H48: =IFERROR(H41/H43*100,0) -> 0 | I48: =IFERROR(I41/I43*100,0) -> 0
C49: %/tase sd Bln Ini thdp RKO | D49: % | E49: =IFERROR(E41/E44*100,0) -> 0 | F49: =IFERROR(F41/F44*100,0) -> 0 | G49: =IFERROR(G41/G44*100,0) -> 0 | H49: =IFERROR(H41/H44*100,0) -> 0 | I49: =IFERROR(I41/I44*100,0) -> 0
C50: %/tase sd Bln Ini thdp RKAP | D50: % | E50: =IFERROR(E41/E45*100,0) -> 0 | F50: =IFERROR(F41/F45*100,0) -> 0 | G50: =IFERROR(G41/G45*100,0) -> 0 | H50: =IFERROR(H41/H45*100,0) -> 0 | I50: =IFERROR(I41/I45*100,0) -> 0
A52: 5 | B52: Biaya Pemeliharaan Bangunan Rumah | C52: sd Bln Ini | D52: Rp.000 | E52: ='Balin-A'!$N$175/1000 -> 11248.56 | F52: ='Kumai-A'!$N$175/1000 -> 0 | G52: ='Sinta-A'!$N$175/1000 -> 373 | H52: ='Lokal-A'!$N$175/1000 -> 0 | I52: =sum(E52:H52) -> 11621.56
C53: Bln Lalu | D53: Rp.000 | E53: ='Balin-A'!$F$175/1000 -> 518.96 | F53: ='Kumai-A'!$F$175/1000 -> 0 | G53: ='Sinta-A'!$F$175/1000 -> 0 | H53: ='Lokal-A'!$F$175/1000 -> 0 | I53: =sum(E53:H53) -> 518.96
C54: Thn Lalu | D54: Rp.000 | E54: ='Balin-A'!$O$175/1000 -> 0 | F54: ='Kumai-A'!$O$175/1000 -> 0 | G54: ='Sinta-A'!$O$175/1000 -> 1451 | H54: ='Lokal-A'!$O$175/1000 -> 0 | I54: =sum(E54:H54) -> 1451
C55: RKO | D55: Rp.000 | E55: ='Balin-A'!$P$175/1000 -> 37167 | F55: ='Kumai-A'!$P$175/1000 -> 0 | G55: ='Sinta-A'!$P$175/1000 -> 0 | H55: ='Lokal-A'!$P$175/1000 -> 0 | I55: =sum(E55:H55) -> 37167
C56: RKAP | D56: Rp.000 | E56: ='Balin-A'!$Q$175/1000 -> 37165.95 | F56: ='Kumai-A'!$Q$175/1000 -> 0 | G56: ='Sinta-A'!$Q$175/1000 -> 0 | H56: ='Lokal-A'!$Q$175/1000 -> 0 | I56: =sum(E56:H56) -> 37165.95
C58: %/tase sd Bln Ini thdp Bln Lalu | D58: % | E58: =IFERROR(E52/E53*100,0) -> 2167.5197 | F58: =IFERROR(F52/F53*100,0) -> 0 | G58: =IFERROR(G52/G53*100,0) -> 0 | H58: =IFERROR(H52/H53*100,0) -> 0 | I58: =IFERROR(I52/I53*100,0) -> 2239.3942
C59: %/tase sd Bln Ini thdp Thn Lalu | D59: % | E59: =IFERROR(E52/E54*100,0) -> 0 | F59: =IFERROR(F52/F54*100,0) -> 0 | G59: =IFERROR(G52/G54*100,0) -> 25.706409 | H59: =IFERROR(H52/H54*100,0) -> 0 | I59: =IFERROR(I52/I54*100,0) -> 800.93453
C60: %/tase sd Bln Ini thdp RKO | D60: % | E60: =IFERROR(E52/E55*100,0) -> 30.264912 | F60: =IFERROR(F52/F55*100,0) -> 0 | G60: =IFERROR(G52/G55*100,0) -> 0 | H60: =IFERROR(H52/H55*100,0) -> 0 | I60: =IFERROR(I52/I55*100,0) -> 31.268491
C61: %/tase sd Bln Ini thdp RKAP | D61: % | E61: =IFERROR(E52/E56*100,0) -> 30.265767 | F61: =IFERROR(F52/F56*100,0) -> 0 | G61: =IFERROR(G52/G56*100,0) -> 0 | H61: =IFERROR(H52/H56*100,0) -> 0 | I61: =IFERROR(I52/I56*100,0) -> 31.269374
A63: 6 | B63: Biaya Pemeliharaan Bangunan Perusahaan | C63: sd Bln Ini | D63: Rp.000 | E63: ='Balin-A'!$N$176/1000 -> 76299.04 | F63: ='Kumai-A'!$N$176/1000 -> 0 | G63: ='Sinta-A'!$N$176/1000 -> 3175 | H63: ='Lokal-A'!$N$176/1000 -> 0 | I63: =sum(E63:H63) -> 79474.04
C64: Bln Lalu | D64: Rp.000 | E64: ='Balin-A'!$F$176/1000 -> 14146.34 | F64: ='Kumai-A'!$F$176/1000 -> 0 | G64: ='Sinta-A'!$F$176/1000 -> 0 | H64: ='Lokal-A'!$F$176/1000 -> 0 | I64: =sum(E64:H64) -> 14146.34
C65: Thn Lalu | D65: Rp.000 | E65: ='Balin-A'!$O$176/1000 -> 79631.679 | F65: ='Kumai-A'!$O$176/1000 -> 0 | G65: ='Sinta-A'!$O$176/1000 -> 6849 | H65: ='Lokal-A'!$O$176/1000 -> 0 | I65: =sum(E65:H65) -> 86480.679
C66: RKO | D66: Rp.000 | E66: ='Balin-A'!$P$176/1000 -> 0 | F66: ='Kumai-A'!$P$176/1000 -> 0 | G66: ='Sinta-A'!$P$176/1000 -> 0 | H66: ='Lokal-A'!$P$176/1000 -> 0 | I66: =sum(E66:H66) -> 0
C67: RKAP | D67: Rp.000 | E67: ='Balin-A'!$Q$176/1000 -> 0 | F67: ='Kumai-A'!$Q$176/1000 -> 0 | G67: ='Sinta-A'!$Q$176/1000 -> 0 | H67: ='Lokal-A'!$Q$176/1000 -> 0 | I67: =sum(E67:H67) -> 0
C69: %/tase sd Bln Ini thdp Bln Lalu | D69: % | E69: =IFERROR(E63/E64*100,0) -> 539.35534 | F69: =IFERROR(F63/F64*100,0) -> 0 | G69: =IFERROR(G63/G64*100,0) -> 0 | H69: =IFERROR(H63/H64*100,0) -> 0 | I69: =IFERROR(I63/I64*100,0) -> 561.79931
C70: %/tase sd Bln Ini thdp Thn Lalu | D70: % | E70: =IFERROR(E63/E65*100,0) -> 95.814933 | F70: =IFERROR(F63/F65*100,0) -> 0 | G70: =IFERROR(G63/G65*100,0) -> 46.357132 | H70: =IFERROR(H63/H65*100,0) -> 0 | I70: =IFERROR(I63/I65*100,0) -> 91.89803
C71: %/tase sd Bln Ini thdp RKO | D71: % | E71: =IFERROR(E63/E66*100,0) -> 0 | F71: =IFERROR(F63/F66*100,0) -> 0 | G71: =IFERROR(G63/G66*100,0) -> 0 | H71: =IFERROR(H63/H66*100,0) -> 0 | I71: =IFERROR(I63/I66*100,0) -> 0
C72: %/tase sd Bln Ini thdp RKAP | D72: % | E72: =IFERROR(E63/E67*100,0) -> 0 | F72: =IFERROR(F63/F67*100,0) -> 0 | G72: =IFERROR(G63/G67*100,0) -> 0 | H72: =IFERROR(H63/H67*100,0) -> 0 | I72: =IFERROR(I63/I67*100,0) -> 0
A74: 7 | B74: Pemakaian dan Pemeliharaan Sistem Komputer | C74: sd Bln Ini | D74: Rp.000 | E74: ='Balin-A'!$N$177/1000 -> 3660 | F74: ='Kumai-A'!$N$177/1000 -> 0 | G74: ='Sinta-A'!$N$177/1000 -> 3700 | H74: ='Lokal-A'!$N$177/1000 -> 0 | I74: =sum(E74:H74) -> 7360
C75: Bln Lalu | D75: Rp.000 | E75: ='Balin-A'!$F$177/1000 -> 425 | F75: ='Kumai-A'!$F$177/1000 -> 0 | G75: ='Sinta-A'!$F$177/1000 -> 0 | H75: ='Lokal-A'!$F$177/1000 -> 0 | I75: =sum(E75:H75) -> 425
C76: Thn Lalu | D76: Rp.000 | E76: ='Balin-A'!$O$177/1000 -> 4131 | F76: ='Kumai-A'!$O$177/1000 -> 0 | G76: ='Sinta-A'!$O$177/1000 -> 6570 | H76: ='Lokal-A'!$O$177/1000 -> 0 | I76: =sum(E76:H76) -> 10701
C77: RKO | D77: Rp.000 | E77: ='Balin-A'!$P$177/1000 -> 0 | F77: ='Kumai-A'!$P$177/1000 -> 0 | G77: ='Sinta-A'!$P$177/1000 -> 0 | H77: ='Lokal-A'!$P$177/1000 -> 0 | I77: =sum(E77:H77) -> 0
C78: RKAP | D78: Rp.000 | E78: ='Balin-A'!$Q$177/1000 -> 0 | F78: ='Kumai-A'!$Q$177/1000 -> 0 | G78: ='Sinta-A'!$Q$177/1000 -> 0 | H78: ='Lokal-A'!$Q$177/1000 -> 0 | I78: =sum(E78:H78) -> 0
C80: %/tase sd Bln Ini thdp Bln Lalu | D80: % | E80: =IFERROR(E74/E75*100,0) -> 861.17647 | F80: =IFERROR(F74/F75*100,0) -> 0 | G80: =IFERROR(G74/G75*100,0) -> 0 | H80: =IFERROR(H74/H75*100,0) -> 0 | I80: =IFERROR(I74/I75*100,0) -> 1731.7647
C81: %/tase sd Bln Ini thdp Thn Lalu | D81: % | E81: =IFERROR(E74/E76*100,0) -> 88.598402 | F81: =IFERROR(F74/F76*100,0) -> 0 | G81: =IFERROR(G74/G76*100,0) -> 56.316591 | H81: =IFERROR(H74/H76*100,0) -> 0 | I81: =IFERROR(I74/I76*100,0) -> 68.778619
C82: %/tase sd Bln Ini thdp RKO | D82: % | E82: =IFERROR(E74/E77*100,0) -> 0 | F82: =IFERROR(F74/F77*100,0) -> 0 | G82: =IFERROR(G74/G77*100,0) -> 0 | H82: =IFERROR(H74/H77*100,0) -> 0 | I82: =IFERROR(I74/I77*100,0) -> 0
C83: %/tase sd Bln Ini thdp RKAP | D83: % | E83: =IFERROR(E74/E78*100,0) -> 0 | F83: =IFERROR(F74/F78*100,0) -> 0 | G83: =IFERROR(G74/G78*100,0) -> 0 | H83: =IFERROR(H74/H78*100,0) -> 0 | I83: =IFERROR(I74/I78*100,0) -> 0
A85: 8 | B85: Biaya Pemeliharaan Jalan, Jembatan & Saluran Air | C85: sd Bln Ini | D85: Rp.000 | E85: ='Balin-A'!$N$178/1000 -> 57840 | F85: ='Kumai-A'!$N$178/1000 -> 0 | G85: ='Sinta-A'!$N$178/1000 -> 0 | H85: ='Lokal-A'!$N$178/1000 -> 0 | I85: =sum(E85:H85) -> 57840
C86: Bln Lalu | D86: Rp.000 | E86: ='Balin-A'!$F$178/1000 -> 15184 | F86: ='Kumai-A'!$F$178/1000 -> 0 | G86: ='Sinta-A'!$F$178/1000 -> 0 | H86: ='Lokal-A'!$F$178/1000 -> 0 | I86: =sum(E86:H86) -> 15184
C87: Thn Lalu | D87: Rp.000 | E87: ='Balin-A'!$O$178/1000 -> 24980 | F87: ='Kumai-A'!$O$178/1000 -> 0 | G87: ='Sinta-A'!$O$178/1000 -> 0 | H87: ='Lokal-A'!$O$178/1000 -> 0 | I87: =sum(E87:H87) -> 24980
C88: RKO | D88: Rp.000 | E88: ='Balin-A'!$P$178/1000 -> 0 | F88: ='Kumai-A'!$P$178/1000 -> 0 | G88: ='Sinta-A'!$P$178/1000 -> 0 | H88: ='Lokal-A'!$P$178/1000 -> 0 | I88: =sum(E88:H88) -> 0
C89: RKAP | D89: Rp.000 | E89: ='Balin-A'!$Q$178/1000 -> 0 | F89: ='Kumai-A'!$Q$178/1000 -> 0 | G89: ='Sinta-A'!$Q$178/1000 -> 0 | H89: ='Lokal-A'!$Q$178/1000 -> 0 | I89: =sum(E89:H89) -> 0
C91: %/tase sd Bln Ini thdp Bln Lalu | D91: % | E91: =IFERROR(E85/E86*100,0) -> 380.92729 | F91: =IFERROR(F85/F86*100,0) -> 0 | G91: =IFERROR(G85/G86*100,0) -> 0 | H91: =IFERROR(H85/H86*100,0) -> 0 | I91: =IFERROR(I85/I86*100,0) -> 380.92729
C92: %/tase sd Bln Ini thdp Thn Lalu | D92: % | E92: =IFERROR(E85/E87*100,0) -> 231.54524 | F92: =IFERROR(F85/F87*100,0) -> 0 | G92: =IFERROR(G85/G87*100,0) -> 0 | H92: =IFERROR(H85/H87*100,0) -> 0 | I92: =IFERROR(I85/I87*100,0) -> 231.54524
C93: %/tase sd Bln Ini thdp RKO | D93: % | E93: =IFERROR(E85/E88*100,0) -> 0 | F93: =IFERROR(F85/F88*100,0) -> 0 | G93: =IFERROR(G85/G88*100,0) -> 0 | H93: =IFERROR(H85/H88*100,0) -> 0 | I93: =IFERROR(I85/I88*100,0) -> 0
C94: %/tase sd Bln Ini thdp RKAP | D94: % | E94: =IFERROR(E85/E89*100,0) -> 0 | F94: =IFERROR(F85/F89*100,0) -> 0 | G94: =IFERROR(G85/G89*100,0) -> 0 | H94: =IFERROR(H85/H89*100,0) -> 0 | I94: =IFERROR(I85/I89*100,0) -> 0
A96: 9 | B96: Pajak Bumi dan Bangunan | C96: sd Bln Ini | D96: Rp.000 | E96: ='Balin-A'!$N$182/1000 -> 370579.78 | F96: ='Kumai-A'!$N$182/1000 -> 0 | G96: ='Sinta-A'!$N$182/1000 -> 0 | H96: ='Lokal-A'!$N$182/1000 -> 0 | I96: =sum(E96:H96) -> 370579.78
C97: Bln Lalu | D97: Rp.000 | E97: ='Balin-A'!$F$182/1000 -> 74115.892 | F97: ='Kumai-A'!$F$182/1000 -> 0 | G97: ='Sinta-A'!$F$182/1000 -> 0 | H97: ='Lokal-A'!$F$182/1000 -> 0 | I97: =sum(E97:H97) -> 74115.892
C98: Thn Lalu | D98: Rp.000 | E98: ='Balin-A'!$O$182/1000 -> 0 | F98: ='Kumai-A'!$O$182/1000 -> 0 | G98: ='Sinta-A'!$O$182/1000 -> 16008.426 | H98: ='Lokal-A'!$O$182/1000 -> 0 | I98: =sum(E98:H98) -> 16008.426
C99: RKO | D99: Rp.000 | E99: ='Balin-A'!$P$182/1000 -> 370580 | F99: ='Kumai-A'!$P$182/1000 -> 0 | G99: ='Sinta-A'!$P$182/1000 -> 0 | H99: ='Lokal-A'!$P$182/1000 -> 0 | I99: =sum(E99:H99) -> 370580
C100: RKAP | D100: Rp.000 | E100: ='Balin-A'!$Q$182/1000 -> 370579.46 | F100: ='Kumai-A'!$Q$182/1000 -> 0 | G100: ='Sinta-A'!$Q$182/1000 -> 0 | H100: ='Lokal-A'!$Q$182/1000 -> 0 | I100: =sum(E100:H100) -> 370579.46
C102: %/tase sd Bln Ini thdp Bln Lalu | D102: % | E102: =IFERROR(E96/E97*100,0) -> 500.00044 | F102: =IFERROR(F96/F97*100,0) -> 0 | G102: =IFERROR(G96/G97*100,0) -> 0 | H102: =IFERROR(H96/H97*100,0) -> 0 | I102: =IFERROR(I96/I97*100,0) -> 500.00044
C103: %/tase sd Bln Ini thdp Thn Lalu | D103: % | E103: =IFERROR(E96/E98*100,0) -> 0 | F103: =IFERROR(F96/F98*100,0) -> 0 | G103: =IFERROR(G96/G98*100,0) -> 0 | H103: =IFERROR(H96/H98*100,0) -> 0 | I103: =IFERROR(I96/I98*100,0) -> 2314.9046
C104: %/tase sd Bln Ini thdp RKO | D104: % | E104: =IFERROR(E96/E99*100,0) -> 99.999942 | F104: =IFERROR(F96/F99*100,0) -> 0 | G104: =IFERROR(G96/G99*100,0) -> 0 | H104: =IFERROR(H96/H99*100,0) -> 0 | I104: =IFERROR(I96/I99*100,0) -> 99.999942
C105: %/tase sd Bln Ini thdp RKAP | D105: % | E105: =IFERROR(E96/E100*100,0) -> 100.00009 | F105: =IFERROR(F96/F100*100,0) -> 0 | G105: =IFERROR(G96/G100*100,0) -> 0 | H105: =IFERROR(H96/H100*100,0) -> 0 | I105: =IFERROR(I96/I100*100,0) -> 100.00009
A107: 10 | B107: Biaya Asuransi Umum | C107: sd Bln Ini | D107: Rp.000 | E107: ='Balin-A'!$N$183/1000 -> 0 | F107: ='Kumai-A'!$N$183/1000 -> 0 | G107: ='Sinta-A'!$N$183/1000 -> 0 | H107: ='Lokal-A'!$N$183/1000 -> 0 | I107: =sum(E107:H107) -> 0
C108: Bln Lalu | D108: Rp.000 | E108: ='Balin-A'!$F$183/1000 -> 0 | F108: ='Kumai-A'!$F$183/1000 -> 0 | G108: ='Sinta-A'!$F$183/1000 -> 0 | H108: ='Lokal-A'!$F$183/1000 -> 0 | I108: =sum(E108:H108) -> 0
C109: Thn Lalu | D109: Rp.000 | E109: ='Balin-A'!$O$183/1000 -> 72.299 | F109: ='Kumai-A'!$O$183/1000 -> 0 | G109: ='Sinta-A'!$O$183/1000 -> 5259.519 | H109: ='Lokal-A'!$O$183/1000 -> 0 | I109: =sum(E109:H109) -> 5331.818
C110: RKO | D110: Rp.000 | E110: ='Balin-A'!$P$183/1000 -> 220 | F110: ='Kumai-A'!$P$183/1000 -> 0 | G110: ='Sinta-A'!$P$183/1000 -> 0 | H110: ='Lokal-A'!$P$183/1000 -> 0 | I110: =sum(E110:H110) -> 220
C111: RKAP | D111: Rp.000 | E111: ='Balin-A'!$Q$183/1000 -> 220 | F111: ='Kumai-A'!$Q$183/1000 -> 0 | G111: ='Sinta-A'!$Q$183/1000 -> 0 | H111: ='Lokal-A'!$Q$183/1000 -> 0 | I111: =sum(E111:H111) -> 220
C113: %/tase sd Bln Ini thdp Bln Lalu | D113: % | E113: =IFERROR(E107/E108*100,0) -> 0 | F113: =IFERROR(F107/F108*100,0) -> 0 | G113: =IFERROR(G107/G108*100,0) -> 0 | H113: =IFERROR(H107/H108*100,0) -> 0 | I113: =IFERROR(I107/I108*100,0) -> 0
C114: %/tase sd Bln Ini thdp Thn Lalu | D114: % | E114: =IFERROR(E107/E109*100,0) -> 0 | F114: =IFERROR(F107/F109*100,0) -> 0 | G114: =IFERROR(G107/G109*100,0) -> 0 | H114: =IFERROR(H107/H109*100,0) -> 0 | I114: =IFERROR(I107/I109*100,0) -> 0
C115: %/tase sd Bln Ini thdp RKO | D115: % | E115: =IFERROR(E107/E110*100,0) -> 0 | F115: =IFERROR(F107/F110*100,0) -> 0 | G115: =IFERROR(G107/G110*100,0) -> 0 | H115: =IFERROR(H107/H110*100,0) -> 0 | I115: =IFERROR(I107/I110*100,0) -> 0
C116: %/tase sd Bln Ini thdp RKAP | D116: % | E116: =IFERROR(E107/E111*100,0) -> 0 | F116: =IFERROR(F107/F111*100,0) -> 0 | G116: =IFERROR(G107/G111*100,0) -> 0 | H116: =IFERROR(H107/H111*100,0) -> 0 | I116: =IFERROR(I107/I111*100,0) -> 0
A118: 11 | B118: Biaya Keamanan | C118: sd Bln Ini | D118: Rp.000 | E118: ='Balin-A'!$N$184/1000 -> 376201.78 | F118: ='Kumai-A'!$N$184/1000 -> 0 | G118: ='Sinta-A'!$N$184/1000 -> 234398.71 | H118: ='Lokal-A'!$N$184/1000 -> 6508.171 | I118: =sum(E118:H118) -> 617108.67
C119: Bln Lalu | D119: Rp.000 | E119: ='Balin-A'!$F$184/1000 -> 69891.788 | F119: ='Kumai-A'!$F$184/1000 -> 0 | G119: ='Sinta-A'!$F$184/1000 -> 40107.511 | H119: ='Lokal-A'!$F$184/1000 -> 3889.024 | I119: =sum(E119:H119) -> 113888.32
C120: Thn Lalu | D120: Rp.000 | E120: ='Balin-A'!$O$184/1000 -> 314221.04 | F120: ='Kumai-A'!$O$184/1000 -> 0 | G120: ='Sinta-A'!$O$184/1000 -> 253507.06 | H120: ='Lokal-A'!$O$184/1000 -> 0 | I120: =sum(E120:H120) -> 567728.09
C121: RKO | D121: Rp.000 | E121: ='Balin-A'!$P$184/1000 -> 510370 | F121: ='Kumai-A'!$P$184/1000 -> 0 | G121: ='Sinta-A'!$P$184/1000 -> 0 | H121: ='Lokal-A'!$P$184/1000 -> 0 | I121: =sum(E121:H121) -> 510370
...

Sheet K-Prod1
A1: PT. PERKEBUNAN NUSANTARA IV - REGINAL V
A2: MONITORING CAPAIAN PRODUKSI
A3: =UPPER('Balin-A'!E5) -> BULAN MEI 2026
A5: No | B5: Uraian | C5: Ket | D5: Sat | E5: Unit Kerja
E6: Balin | F6: Kumai | G6: Sinta | H6: Lokal | I6: Jlh
A7: 1 | B7: Produksi | C7: Bln Ini | D7: Rp.000 | E7: ='Balin-B'!$F$20/1000 -> 38.407 | F7: ='Kumai-B'!$F$20/1000 -> 0 | G7: ='Sinta-B'!$F$20/1000 -> 0.387 | H7: ='Lokal-B'!$F$20/1000 -> 0.137 | I7: =sum(E7:H7) -> 38.931
C8: Bln Lalu | D8: Rp.000 | E8: 0 | F8: 0 | G8: 0 | H8: 0 | I8: =sum(E8:H8) -> 0
C9: Thn Lalu | D9: Rp.000 | E9: ='Balin-B'!$E$20/1000 -> 55.913 | F9: ='Kumai-B'!$E$20/1000 -> 0 | G9: ='Sinta-B'!$E$20/1000 -> 3.32 | H9: ='Lokal-B'!$E$20/1000 -> 0.35 | I9: =sum(E9:H9) -> 59.583
C10: RKO | D10: Rp.000 | E10: ='Balin-B'!$G$20/1000 -> 65.728 | F10: ='Kumai-B'!$G$20/1000 -> 0 | G10: ='Sinta-B'!$G$20/1000 -> 0 | H10: ='Lokal-B'!$G$20/1000 -> 0 | I10: =sum(E10:H10) -> 65.728
C11: RKAP | D11: Rp.000 | E11: ='Balin-B'!$H$20/1000 -> 65.728 | F11: ='Kumai-B'!$H$20/1000 -> 0 | G11: ='Sinta-B'!$H$20/1000 -> 0 | H11: ='Lokal-B'!$H$20/1000 -> 0 | I11: =sum(E11:H11) -> 65.728
C13: %/tase Bln Ini thdp Bln Lalu | D13: % | E13: =IFERROR(E7/E8*100,0) -> 0 | F13: =IFERROR(F7/F8*100,0) -> 0 | G13: =IFERROR(G7/G8*100,0) -> 0 | H13: =IFERROR(H7/H8*100,0) -> 0 | I13: =IFERROR(I7/I8*100,0) -> 0
C14: %/tase Bln Ini thdp Thn Lalu | D14: % | E14: =IFERROR(E7/E9*100,0) -> 68.690644 | F14: =IFERROR(F7/F9*100,0) -> 0 | G14: =IFERROR(G7/G9*100,0) -> 11.656627 | H14: =IFERROR(H7/H9*100,0) -> 39.142857 | I14: =IFERROR(I7/I9*100,0) -> 65.339107
C15: %/tase Bln Ini thdp RKO | D15: % | E15: =IFERROR(E7/E10*100,0) -> 58.43324 | F15: =IFERROR(F7/F10*100,0) -> 0 | G15: =IFERROR(G7/G10*100,0) -> 0 | H15: =IFERROR(H7/H10*100,0) -> 0 | I15: =IFERROR(I7/I10*100,0) -> 59.230465
C16: %/tase Bln Ini thdp RKAP | D16: % | E16: =IFERROR(E7/E11*100,0) -> 58.43324 | F16: =IFERROR(F7/F11*100,0) -> 0 | G16: =IFERROR(G7/G11*100,0) -> 0 | H16: =IFERROR(H7/H11*100,0) -> 0 | I16: =IFERROR(I7/I11*100,0) -> 59.230465

Sheet K-Prod2
A1: PT. PERKEBUNAN NUSANTARA IV - REGINAL V
A2: MONITORING CAPAIAN PRODUKSI
A3: =UPPER('Balin-A'!N5) -> SD BULAN MEI 2026
A5: No | B5: Uraian | C5: Ket | D5: Sat | E5: Unit Kerja
E6: Balin | F6: Kumai | G6: Sinta | H6: Lokal | I6: Jlh
A7: 1 | B7: Produksi | C7: sd Bln Ini | D7: Rp.000 | E7: ='Balin-B'!$J$20/1000 -> 206.338 | F7: ='Kumai-B'!$J$20/1000 -> 0 | G7: ='Sinta-B'!$J$20/1000 -> 3.115 | H7: ='Lokal-B'!$J$20/1000 -> 0.604 | I7: =sum(E7:H7) -> 210.057
C8: Bln Lalu | D8: Rp.000 | E8: 0 | F8: 0 | G8: 0 | H8: 0 | I8: =sum(E8:H8) -> 0
C9: Thn Lalu | D9: Rp.000 | E9: ='Balin-B'!$I$20/1000 -> 272.203 | F9: ='Kumai-B'!$I$20/1000 -> 0 | G9: ='Sinta-B'!$I$20/1000 -> 14.3 | H9: ='Lokal-B'!$I$20/1000 -> 1.641 | I9: =sum(E9:H9) -> 288.144
C10: RKO | D10: Rp.000 | E10: ='Balin-B'!$K$20/1000 -> 387.091 | F10: ='Kumai-B'!$K$20/1000 -> 0 | G10: ='Sinta-B'!$K$20/1000 -> 0 | H10: ='Lokal-B'!$K$20/1000 -> 0 | I10: =sum(E10:H10) -> 387.091
C11: RKAP | D11: Rp.000 | E11: ='Balin-B'!$L$20/1000 -> 387.0908 | F11: ='Kumai-B'!$L$20/1000 -> 0 | G11: ='Sinta-B'!$L$20/1000 -> 0 | H11: ='Lokal-B'!$L$20/1000 -> 0 | I11: =sum(E11:H11) -> 387.0908
C13: %/tase Bln Ini thdp Bln Lalu | D13: % | E13: =IFERROR(E7/E8*100,0) -> 0 | F13: =IFERROR(F7/F8*100,0) -> 0 | G13: =IFERROR(G7/G8*100,0) -> 0 | H13: =IFERROR(H7/H8*100,0) -> 0 | I13: =IFERROR(I7/I8*100,0) -> 0
C14: %/tase Bln Ini thdp Thn Lalu | D14: % | E14: =IFERROR(E7/E9*100,0) -> 75.802985 | F14: =IFERROR(F7/F9*100,0) -> 0 | G14: =IFERROR(G7/G9*100,0) -> 21.783217 | H14: =IFERROR(H7/H9*100,0) -> 36.806825 | I14: =IFERROR(I7/I9*100,0) -> 72.900008
C15: %/tase Bln Ini thdp RKO | D15: % | E15: =IFERROR(E7/E10*100,0) -> 53.304778 | F15: =IFERROR(F7/F10*100,0) -> 0 | G15: =IFERROR(G7/G10*100,0) -> 0 | H15: =IFERROR(H7/H10*100,0) -> 0 | I15: =IFERROR(I7/I10*100,0) -> 54.265534
C16: %/tase Bln Ini thdp RKAP | D16: % | E16: =IFERROR(E7/E11*100,0) -> 53.304806 | F16: =IFERROR(F7/F11*100,0) -> 0 | G16: =IFERROR(G7/G11*100,0) -> 0 | H16: =IFERROR(H7/H11*100,0) -> 0 | I16: =IFERROR(I7/I11*100,0) -> 54.265563

Sheet Balin-A
B1: PT PERKEBUNAN NUSANTARA IV - RPC 5 | Z1: Bulan Ini | AA1: 5
B2: LAMPIRAN LM 14 | Z2: Bulan Lalu | AA2: =IF(AA1=1,12,AA1-1) -> 4
B3: Kebun | D3: Kebun Batulicin | E3: =VLOOKUP(D3,Plant!$A$2:$B$27,2,false) -> 5E13
B4: Kode Komodity | D4: KR | AB4: sd Bulan Lalu
B5: WBS/GL/CC | C5: URAIAN (DESC WBS DLL) | E5: =CONCATENATE("Bulan ",'Tahun Lalu'!D3," 2026") -> Bulan Mei 2026 | N5: =CONCATENATE("sd ",E5) -> sd Bulan Mei 2026
E6: Real Bulan Ini | F6: Real Bulan Lalu | G6: Real Tahun Lalu | H6: RKO | I6: RKAP | J6: Cap Real Bulan Ini thdp (%) | N6: Real sd Bulan Ini | O6: Real Tahun Lalu | P6: RKO | Q6: RKAP | R6: Cap Real Bulan Ini thdp (%) | V6: Real sd Bulan Ini | W6: Real Tahun Lalu | X6: RKO | Y6: RKAP | Z6: Cap Real Bulan Ini thdp (%)
J7: =F6 -> Real Bulan Lalu | K7: =G6 -> Real Tahun Lalu | L7: =H6 -> RKO | M7: =I6 -> RKAP | R7: =$O$6 -> Real Tahun Lalu | S7: =$P$6 -> RKO | T7: =$Q$6 -> RKAP | Z7: =$O$6 -> Real Tahun Lalu | AA7: =$P$6 -> RKO | AB7: =$Q$6 -> RKAP
D9: BIAYA TANAMAN
B10: 99-01 | C10: =CONCATENATE(if(D4="KS","SP","SR"),"01") -> SR01 | D10: Gaji/Upah dan Biaya Kary. Staf dari WBS | E10: =SUMIFS('DB BTL'!$J:$J,'DB BTL'!$E:$E,$C10,'DB BTL'!$A:$A,$D$4,'DB BTL'!$B:$B,$E$3,'DB BTL'!$D:$D,AA$1) -> 105921179 | F10: =SUMIFS('DB WBS'!$J:$J,'DB WBS'!$A:$A,$D$4,'DB WBS'!$D:$D,AA$2,'DB WBS'!$B:$B,$E$3,'DB WBS'!$E:$E,$B10) -> 725438240 | G10: =IFERROR(HLOOKUP($E$3,'Tahun Lalu'!$B$5:$V$158,MATCH(B10,'Tahun Lalu'!$B$5:$B$158,0),0),0) -> 66095992 | H10: =IFERROR(round(HLOOKUP('Tahun Lalu'!$D$3,RKO!$A$1:$P$171,MATCH(B10,RKO!$A$1:$A$171,0),0)*1000,0),0) -> 65272351 | I10: =IFERROR(round(HLOOKUP('Tahun Lalu'!$D$3,RKAP!$A$1:$P$171,MATCH(B10,RKAP!$A$1:$A$171,0),0)*1000,0),0) -> 65272351 | J10: =IFERROR(E10/F10*100,0) -> 14.600992 | K10: =IFERROR(E10/G10*100,0) -> 160.25356 | L10: =IFERROR(E10/H10*100,0) -> 162.27572 | M10: =IFERROR(E10/I10*100,0) -> 162.27572 | N10: =E10+V10 -> 451311525 | O10: =G10+W10 -> 340571671 | P10: =H10+X10 -> 332113312 | Q10: =I10+Y10 -> 332113312 | R10: =IFERROR(N10/O10*100,0) -> 132.51587 | S10: =IFERROR(N10/P10*100,0) -> 135.89083 | T10: =IFERROR(N10/Q10*100,0) -> 135.89083 | V10: =IFERROR(__xludf.DUMMYFUNCTION("IFERROR(IMPORTRANGE(Link!B1,CONCATENATE(VLOOKUP($E$3,Link!$A$30:$B$39,2,false),""!N10:Q236"")),0)"),3.45390346E8) -> 345390346 | W10: =IFERROR(__xludf.DUMMYFUNCTION("""COMPUTED_VALUE"""),2.74475679E8) -> 274475679 | X10: =IFERROR(__xludf.DUMMYFUNCTION("""COMPUTED_VALUE"""),2.66840961E8) -> 266840961 | Y10: =IFERROR(__xludf.DUMMYFUNCTION("""COMPUTED_VALUE"""),2.66840961E8) -> 266840961 | Z10: =IFERROR(V10/W10*100,0) -> 125.83641 | AA10: =IFERROR(V10/X10*100,0) -> 129.43678 | AB10: =IFERROR(V10/Y10*100,0) -> 129.43678
B11: 99-01. | D11: Gaji/Upah dan Biaya Kary. Pelaksana dari WBS | E11: =SUMIFS('DB WBS'!$J:$J,'DB WBS'!$A:$A,$D$4,'DB WBS'!$D:$D,AA$1,'DB WBS'!$B:$B,$E$3,'DB WBS'!$E:$E,$B11) -> 0 | F11: =SUMIFS('DB WBS'!$J:$J,'DB WBS'!$A:$A,$D$4,'DB WBS'!$D:$D,AA$2,'DB WBS'!$B:$B,$E$3,'DB WBS'!$E:$E,$B11) -> 0 | G11: =IFERROR(HLOOKUP($E$3,'Tahun Lalu'!$B$5:$V$158,MATCH(B11,'Tahun Lalu'!$B$5:$B$158,0),0),0) -> 0 | H11: =IFERROR(round(HLOOKUP('Tahun Lalu'!$D$3,RKO!$A$1:$P$171,MATCH(B11,RKO!$A$1:$A$171,0),0)*1000,0),0) -> 0 | I11: =IFERROR(round(HLOOKUP('Tahun Lalu'!$D$3,RKAP!$A$1:$P$171,MATCH(B11,RKAP!$A$1:$A$171,0),0)*1000,0),0) -> 0 | J11: =IFERROR(E11/F11*100,0) -> 0 | K11: =IFERROR(E11/G11*100,0) -> 0 | L11: =IFERROR(E11/H11*100,0) -> 0 | M11: =IFERROR(E11/I11*100,0) -> 0 | N11: =E11+V11 -> 0 | O11: =G11+W11 -> 0 | P11: =H11+X11 -> 0 | Q11: =I11+Y11 -> 0 | R11: =IFERROR(N11/O11*100,0) -> 0 | S11: =IFERROR(N11/P11*100,0) -> 0 | T11: =IFERROR(N11/Q11*100,0) -> 0 | V11: =IFERROR(__xludf.DUMMYFUNCTION("""COMPUTED_VALUE"""),0.0) -> 0 | W11: =IFERROR(__xludf.DUMMYFUNCTION("""COMPUTED_VALUE"""),0.0) -> 0 | X11: =IFERROR(__xludf.DUMMYFUNCTION("""COMPUTED_VALUE"""),0.0) -> 0 | Y11: =IFERROR(__xludf.DUMMYFUNCTION("""COMPUTED_VALUE"""),0.0) -> 0 | Z11: =IFERROR(V11/W11*100,0) -> 0 | AA11: =IFERROR(V11/X11*100,0) -> 0 | AB11: =IFERROR(V11/Y11*100,0) -> 0
D12: Gaji/Upah dan Biaya Kary. Staf dari CC | E12: =SUMIFS('DB WBS'!$J:$J,'DB WBS'!$A:$A,$D$4,'DB WBS'!$D:$D,AA$1,'DB WBS'!$B:$B,$E$3,'DB WBS'!$E:$E,$B12) -> 0 | F12: =SUMIFS('DB WBS'!$J:$J,'DB WBS'!$A:$A,$D$4,'DB WBS'!$D:$D,AA$2,'DB WBS'!$B:$B,$E$3,'DB WBS'!$E:$E,$B12) -> 0 | G12: =IFERROR(HLOOKUP($E$3,'Tahun Lalu'!$B$5:$V$158,MATCH(B12,'Tahun Lalu'!$B$5:$B$158,0),0),0) -> 0 | H12: =IFERROR(round(HLOOKUP('Tahun Lalu'!$D$3,RKO!$A$1:$P$171,MATCH(B12,RKO!$A$1:$A$171,0),0)*1000,0),0) -> 0 | I12: =IFERROR(round(HLOOKUP('Tahun Lalu'!$D$3,RKAP!$A$1:$P$171,MATCH(B12,RKAP!$A$1:$A$171,0),0)*1000,0),0) -> 0 | J12: =IFERROR(E12/F12*100,0) -> 0 | K12: =IFERROR(E12/G12*100,0) -> 0 | L12: =IFERROR(E12/H12*100,0) -> 0 | M12: =IFERROR(E12/I12*100,0) -> 0 | N12: =E12+V12 -> 0 | O12: =G12+W12 -> 0 | P12: =H12+X12 -> 0 | Q12: =I12+Y12 -> 0 | R12: =IFERROR(N12/O12*100,0) -> 0 | S12: =IFERROR(N12/P12*100,0) -> 0 | T12: =IFERROR(N12/Q12*100,0) -> 0 | V12: =IFERROR(__xludf.DUMMYFUNCTION("""COMPUTED_VALUE"""),0.0) -> 0 | W12: =IFERROR(__xludf.DUMMYFUNCTION("""COMPUTED_VALUE"""),0.0) -> 0 | X12: =IFERROR(__xludf.DUMMYFUNCTION("""COMPUTED_VALUE"""),0.0) -> 0 | Y12: =IFERROR(__xludf.DUMMYFUNCTION("""COMPUTED_VALUE"""),0.0) -> 0 | Z12: =IFERROR(V12/W12*100,0) -> 0 | AA12: =IFERROR(V12/X12*100,0) -> 0 | AB12: =IFERROR(V12/Y12*100,0) -> 0
D13: Gaji/Upah dan Biaya Kary. Pelaksana dari CC | E13: =SUMIFS('DB WBS'!$J:$J,'DB WBS'!$A:$A,$D$4,'DB WBS'!$D:$D,AA$1,'DB WBS'!$B:$B,$E$3,'DB WBS'!$E:$E,$B13) -> 0 | F13: =SUMIFS('DB WBS'!$J:$J,'DB WBS'!$A:$A,$D$4,'DB WBS'!$D:$D,AA$2,'DB WBS'!$B:$B,$E$3,'DB WBS'!$E:$E,$B13) -> 0 | G13: =IFERROR(HLOOKUP($E$3,'Tahun Lalu'!$B$5:$V$158,MATCH(B13,'Tahun Lalu'!$B$5:$B$158,0),0),0) -> 0 | H13: =IFERROR(round(HLOOKUP('Tahun Lalu'!$D$3,RKO!$A$1:$P$171,MATCH(B13,RKO!$A$1:$A$171,0),0)*1000,0),0) -> 0 | I13: =IFERROR(round(HLOOKUP('Tahun Lalu'!$D$3,RKAP!$A$1:$P$171,MATCH(B13,RKAP!$A$1:$A$171,0),0)*1000,0),0) -> 0 | J13: =IFERROR(E13/F13*100,0) -> 0 | K13: =IFERROR(E13/G13*100,0) -> 0 | L13: =IFERROR(E13/H13*100,0) -> 0 | M13: =IFERROR(E13/I13*100,0) -> 0 | N13: =E13+V13 -> 0 | O13: =G13+W13 -> 0 | P13: =H13+X13 -> 0 | Q13: =I13+Y13 -> 0 | R13: =IFERROR(N13/O13*100,0) -> 0 | S13: =IFERROR(N13/P13*100,0) -> 0 | T13: =IFERROR(N13/Q13*100,0) -> 0 | V13: =IFERROR(__xludf.DUMMYFUNCTION("""COMPUTED_VALUE"""),0.0) -> 0 | W13: =IFERROR(__xludf.DUMMYFUNCTION("""COMPUTED_VALUE"""),0.0) -> 0 | X13: =IFERROR(__xludf.DUMMYFUNCTION("""COMPUTED_VALUE"""),0.0) -> 0 | Y13: =IFERROR(__xludf.DUMMYFUNCTION("""COMPUTED_VALUE"""),0.0) -> 0 | Z13: =IFERROR(V13/W13*100,0) -> 0 | AA13: =IFERROR(V13/X13*100,0) -> 0 | AB13: =IFERROR(V13/Y13*100,0) -> 0
B14: Jumlah Gaji | E14: =SUM(E10:E13) -> 105921179 | F14: =SUM(F10:F13) -> 725438240 | G14: =SUM(G10:G13) -> 66095992 | H14: =SUM(H10:H13) -> 65272351 | I14: =SUM(I10:I13) -> 65272351 | J14: =IFERROR(E14/F14*100,0) -> 14.600992 | K14: =IFERROR(E14/G14*100,0) -> 160.25356 | L14: =IFERROR(E14/H14*100,0) -> 162.27572 | M14: =IFERROR(E14/I14*100,0) -> 162.27572 | N14: =SUM(N10:N13) -> 451311525 | O14: =SUM(O10:O13) -> 340571671 | P14: =SUM(P10:P13) -> 332113312 | Q14: =SUM(Q10:Q13) -> 332113312 | R14: =IFERROR(N14/O14*100,0) -> 132.51587 | S14: =IFERROR(N14/P14*100,0) -> 135.89083 | T14: =IFERROR(N14/Q14*100,0) -> 135.89083 | V14: =IFERROR(__xludf.DUMMYFUNCTION("""COMPUTED_VALUE"""),3.45390346E8) -> 345390346 | W14: =IFERROR(__xludf.DUMMYFUNCTION("""COMPUTED_VALUE"""),2.74475679E8) -> 274475679 | X14: =IFERROR(__xludf.DUMMYFUNCTION("""COMPUTED_VALUE"""),2.66840961E8) -> 266840961 | Y14: =IFERROR(__xludf.DUMMYFUNCTION("""COMPUTED_VALUE"""),2.66840961E8) -> 266840961 | Z14: =IFERROR(V14/W14*100,0) -> 125.83641 | AA14: =IFERROR(V14/X14*100,0) -> 129.43678 | AB14: =IFERROR(V14/Y14*100,0) -> 129.43678
B15: 52-01 | D15: PEMELIHARAAN PARIT | E15: =SUMIFS('DB WBS'!$J:$J,'DB WBS'!$A:$A,$D$4,'DB WBS'!$D:$D,AA$1,'DB WBS'!$B:$B,$E$3,'DB WBS'!$E:$E,$B15) -> 0 | F15: =SUMIFS('DB WBS'!$J:$J,'DB WBS'!$A:$A,$D$4,'DB WBS'!$D:$D,AA$2,'DB WBS'!$B:$B,$E$3,'DB WBS'!$E:$E,$B15) -> 0 | G15: =IFERROR(HLOOKUP($E$3,'Tahun Lalu'!$B$5:$V$158,MATCH(B15,'Tahun Lalu'!$B$5:$B$158,0),0),0) -> 0 | H15: =IFERROR(round(HLOOKUP('Tahun Lalu'!$D$3,RKO!$A$1:$P$171,MATCH(B15,RKO!$A$1:$A$171,0),0)*1000,0),0) -> 0 | I15: =IFERROR(round(HLOOKUP('Tahun Lalu'!$D$3,RKAP!$A$1:$P$171,MATCH(B15,RKAP!$A$1:$A$171,0),0)*1000,0),0) -> 0 | J15: =IFERROR(E15/F15*100,0) -> 0 | K15: =IFERROR(E15/G15*100,0) -> 0 | L15: =IFERROR(E15/H15*100,0) -> 0 | M15: =IFERROR(E15/I15*100,0) -> 0 | N15: =E15+V15 -> 0 | O15: =G15+W15 -> 0 | P15: =H15+X15 -> 0 | Q15: =I15+Y15 -> 0 | R15: =IFERROR(N15/O15*100,0) -> 0 | S15: =IFERROR(N15/P15*100,0) -> 0 | T15: =IFERROR(N15/Q15*100,0) -> 0 | V15: =IFERROR(__xludf.DUMMYFUNCTION("""COMPUTED_VALUE"""),0.0) -> 0 | W15: =IFERROR(__xludf.DUMMYFUNCTION("""COMPUTED_VALUE"""),0.0) -> 0 | X15: =IFERROR(__xludf.DUMMYFUNCTION("""COMPUTED_VALUE"""),0.0) -> 0 | Y15: =IFERROR(__xludf.DUMMYFUNCTION("""COMPUTED_VALUE"""),0.0) -> 0 | Z15: =IFERROR(V15/W15*100,0) -> 0 | AA15: =IFERROR(V15/X15*100,0) -> 0 | AB15: =IFERROR(V15/Y15*100,0) -> 0
B16: 52-02 | D16: PEMELIHARAAN JALAN | E16: =SUMIFS('DB WBS'!$J:$J,'DB WBS'!$A:$A,$D$4,'DB WBS'!$D:$D,AA$1,'DB WBS'!$B:$B,$E$3,'DB WBS'!$E:$E,$B16) -> 0 | F16: =SUMIFS('DB WBS'!$J:$J,'DB WBS'!$A:$A,$D$4,'DB WBS'!$D:$D,AA$2,'DB WBS'!$B:$B,$E$3,'DB WBS'!$E:$E,$B16) -> 0 | G16: =IFERROR(HLOOKUP($E$3,'Tahun Lalu'!$B$5:$V$158,MATCH(B16,'Tahun Lalu'!$B$5:$B$158,0),0),0) -> 0 | H16: =IFERROR(round(HLOOKUP('Tahun Lalu'!$D$3,RKO!$A$1:$P$171,MATCH(B16,RKO!$A$1:$A$171,0),0)*1000,0),0) -> 160172 | I16: =IFERROR(round(HLOOKUP('Tahun Lalu'!$D$3,RKAP!$A$1:$P$171,MATCH(B16,RKAP!$A$1:$A$171,0),0)*1000,0),0) -> 160172 | J16: =IFERROR(E16/F16*100,0) -> 0 | K16: =IFERROR(E16/G16*100,0) -> 0 | L16: =IFERROR(E16/H16*100,0) -> 0 | M16: =IFERROR(E16/I16*100,0) -> 0 | N16: =E16+V16 -> 0 | O16: =G16+W16 -> 5000000 | P16: =H16+X16 -> 790849 | Q16: =I16+Y16 -> 790849 | R16: =IFERROR(N16/O16*100,0) -> 0 | S16: =IFERROR(N16/P16*100,0) -> 0 | T16: =IFERROR(N16/Q16*100,0) -> 0 | V16: =IFERROR(__xludf.DUMMYFUNCTION("""COMPUTED_VALUE"""),0.0) -> 0 | W16: =IFERROR(__xludf.DUMMYFUNCTION("""COMPUTED_VALUE"""),5000000.0) -> 5000000 | X16: =IFERROR(__xludf.DUMMYFUNCTION("""COMPUTED_VALUE"""),630677.0) -> 630677 | Y16: =IFERROR(__xludf.DUMMYFUNCTION("""COMPUTED_VALUE"""),630677.0) -> 630677 | Z16: =IFERROR(V16/W16*100,0) -> 0 | AA16: =IFERROR(V16/X16*100,0) -> 0 | AB16: =IFERROR(V16/Y16*100,0) -> 0
B17: 52-03 | D17: GRADING & COMPACT JALAN | E17: =SUMIFS('DB WBS'!$J:$J,'DB WBS'!$A:$A,$D$4,'DB WBS'!$D:$D,AA$1,'DB WBS'!$B:$B,$E$3,'DB WBS'!$E:$E,$B17) -> 0 | F17: =SUMIFS('DB WBS'!$J:$J,'DB WBS'!$A:$A,$D$4,'DB WBS'!$D:$D,AA$2,'DB WBS'!$B:$B,$E$3,'DB WBS'!$E:$E,$B17) -> 0 | G17: =IFERROR(HLOOKUP($E$3,'Tahun Lalu'!$B$5:$V$158,MATCH(B17,'Tahun Lalu'!$B$5:$B$158,0),0),0) -> 0 | H17: =IFERROR(round(HLOOKUP('Tahun Lalu'!$D$3,RKO!$A$1:$P$171,MATCH(B17,RKO!$A$1:$A$171,0),0)*1000,0),0) -> 0 | I17: =IFERROR(round(HLOOKUP('Tahun Lalu'!$D$3,RKAP!$A$1:$P$171,MATCH(B17,RKAP!$A$1:$A$171,0),0)*1000,0),0) -> 0 | J17: =IFERROR(E17/F17*100,0) -> 0 | K17: =IFERROR(E17/G17*100,0) -> 0 | L17: =IFERROR(E17/H17*100,0) -> 0 | M17: =IFERROR(E17/I17*100,0) -> 0 | N17: =E17+V17 -> 0 | O17: =G17+W17 -> 0 | P17: =H17+X17 -> 0 | Q17: =I17+Y17 -> 0 | R17: =IFERROR(N17/O17*100,0) -> 0 | S17: =IFERROR(N17/P17*100,0) -> 0 | T17: =IFERROR(N17/Q17*100,0) -> 0 | V17: =IFERROR(__xludf.DUMMYFUNCTION("""COMPUTED_VALUE"""),0.0) -> 0 | W17: =IFERROR(__xludf.DUMMYFUNCTION("""COMPUTED_VALUE"""),0.0) -> 0 | X17: =IFERROR(__xludf.DUMMYFUNCTION("""COMPUTED_VALUE"""),0.0) -> 0 | Y17: =IFERROR(__xludf.DUMMYFUNCTION("""COMPUTED_VALUE"""),0.0) -> 0 | Z17: =IFERROR(V17/W17*100,0) -> 0 | AA17: =IFERROR(V17/X17*100,0) -> 0 | AB17: =IFERROR(V17/Y17*100,0) -> 0
B18: 52-04 | D18: PEMELIHARAAN JALAN DAN JEMBATAN | E18: =SUMIFS('DB WBS'!$J:$J,'DB WBS'!$A:$A,$D$4,'DB WBS'!$D:$D,AA$1,'DB WBS'!$B:$B,$E$3,'DB WBS'!$E:$E,$B18) -> 0 | F18: =SUMIFS('DB WBS'!$J:$J,'DB WBS'!$A:$A,$D$4,'DB WBS'!$D:$D,AA$2,'DB WBS'!$B:$B,$E$3,'DB WBS'!$E:$E,$B18) -> 0 | G18: =IFERROR(HLOOKUP($E$3,'Tahun Lalu'!$B$5:$V$158,MATCH(B18,'Tahun Lalu'!$B$5:$B$158,0),0),0) -> 0 | H18: =IFERROR(round(HLOOKUP('Tahun Lalu'!$D$3,RKO!$A$1:$P$171,MATCH(B18,RKO!$A$1:$A$171,0),0)*1000,0),0) -> 0 | I18: =IFERROR(round(HLOOKUP('Tahun Lalu'!$D$3,RKAP!$A$1:$P$171,MATCH(B18,RKAP!$A$1:$A$171,0),0)*1000,0),0) -> 0 | J18: =IFERROR(E18/F18*100,0) -> 0 | K18: =IFERROR(E18/G18*100,0) -> 0 | L18: =IFERROR(E18/H18*100,0) -> 0 | M18: =IFERROR(E18/I18*100,0) -> 0 | N18: =E18+V18 -> 0 | O18: =G18+W18 -> 0 | P18: =H18+X18 -> 0 | Q18: =I18+Y18 -> 0 | R18: =IFERROR(N18/O18*100,0) -> 0 | S18: =IFERROR(N18/P18*100,0) -> 0 | T18: =IFERROR(N18/Q18*100,0) -> 0 | V18: =IFERROR(__xludf.DUMMYFUNCTION("""COMPUTED_VALUE"""),0.0) -> 0 | W18: =IFERROR(__xludf.DUMMYFUNCTION("""COMPUTED_VALUE"""),0.0) -> 0 | X18: =IFERROR(__xludf.DUMMYFUNCTION("""COMPUTED_VALUE"""),0.0) -> 0 | Y18: =IFERROR(__xludf.DUMMYFUNCTION("""COMPUTED_VALUE"""),0.0) -> 0 | Z18: =IFERROR(V18/W18*100,0) -> 0 | AA18: =IFERROR(V18/X18*100,0) -> 0 | AB18: =IFERROR(V18/Y18*100,0) -> 0
B19: 52-05 | D19: PENGERASAN JALAN DENGAN SIRTU DAN BATU | E19: =SUMIFS('DB WBS'!$J:$J,'DB WBS'!$A:$A,$D$4,'DB WBS'!$D:$D,AA$1,'DB WBS'!$B:$B,$E$3,'DB WBS'!$E:$E,$B19) -> 0 | F19: =SUMIFS('DB WBS'!$J:$J,'DB WBS'!$A:$A,$D$4,'DB WBS'!$D:$D,AA$2,'DB WBS'!$B:$B,$E$3,'DB WBS'!$E:$E,$B19) -> 0 | G19: =IFERROR(HLOOKUP($E$3,'Tahun Lalu'!$B$5:$V$158,MATCH(B19,'Tahun Lalu'!$B$5:$B$158,0),0),0) -> 0 | H19: =IFERROR(round(HLOOKUP('Tahun Lalu'!$D$3,RKO!$A$1:$P$171,MATCH(B19,RKO!$A$1:$A$171,0),0)*1000,0),0) -> 0 | I19: =IFERROR(round(HLOOKUP('Tahun Lalu'!$D$3,RKAP!$A$1:$P$171,MATCH(B19,RKAP!$A$1:$A$171,0),0)*1000,0),0) -> 0 | J19: =IFERROR(E19/F19*100,0) -> 0 | K19: =IFERROR(E19/G19*100,0) -> 0 | L19: =IFERROR(E19/H19*100,0) -> 0 | M19: =IFERROR(E19/I19*100,0) -> 0 | N19: =E19+V19 -> 0 | O19: =G19+W19 -> 0 | P19: =H19+X19 -> 0 | Q19: =I19+Y19 -> 0 | R19: =IFERROR(N19/O19*100,0) -> 0 | S19: =IFERROR(N19/P19*100,0) -> 0 | T19: =IFERROR(N19/Q19*100,0) -> 0 | V19: =IFERROR(__xludf.DUMMYFUNCTION("""COMPUTED_VALUE"""),0.0) -> 0 | W19: =IFERROR(__xludf.DUMMYFUNCTION("""COMPUTED_VALUE"""),0.0) -> 0 | X19: =IFERROR(__xludf.DUMMYFUNCTION("""COMPUTED_VALUE"""),0.0) -> 0 | Y19: =IFERROR(__xludf.DUMMYFUNCTION("""COMPUTED_VALUE"""),0.0) -> 0 | Z19: =IFERROR(V19/W19*100,0) -> 0 | AA19: =IFERROR(V19/X19*100,0) -> 0 | AB19: =IFERROR(V19/Y19*100,0) -> 0
B20: 52-06 | D20: PENGANGKUTAN TANAH | E20: =SUMIFS('DB WBS'!$J:$J,'DB WBS'!$A:$A,$D$4,'DB WBS'!$D:$D,AA$1,'DB WBS'!$B:$B,$E$3,'DB WBS'!$E:$E,$B20) -> 0 | F20: =SUMIFS('DB WBS'!$J:$J,'DB WBS'!$A:$A,$D$4,'DB WBS'!$D:$D,AA$2,'DB WBS'!$B:$B,$E$3,'DB WBS'!$E:$E,$B20) -> 0 | G20: =IFERROR(HLOOKUP($E$3,'Tahun Lalu'!$B$5:$V$158,MATCH(B20,'Tahun Lalu'!$B$5:$B$158,0),0),0) -> 0 | H20: =IFERROR(round(HLOOKUP('Tahun Lalu'!$D$3,RKO!$A$1:$P$171,MATCH(B20,RKO!$A$1:$A$171,0),0)*1000,0),0) -> 0 | I20: =IFERROR(round(HLOOKUP('Tahun Lalu'!$D$3,RKAP!$A$1:$P$171,MATCH(B20,RKAP!$A$1:$A$171,0),0)*1000,0),0) -> 0 | J20: =IFERROR(E20/F20*100,0) -> 0 | K20: =IFERROR(E20/G20*100,0) -> 0 | L20: =IFERROR(E20/H20*100,0) -> 0 | M20: =IFERROR(E20/I20*100,0) -> 0 | N20: =E20+V20 -> 0 | O20: =G20+W20 -> 0 | P20: =H20+X20 -> 0 | Q20: =I20+Y20 -> 0 | R20: =IFERROR(N20/O20*100,0) -> 0 | S20: =IFERROR(N20/P20*100,0) -> 0 | T20: =IFERROR(N20/Q20*100,0) -> 0 | V20: =IFERROR(__xludf.DUMMYFUNCTION("""COMPUTED_VALUE"""),0.0) -> 0 | W20: =IFERROR(__xludf.DUMMYFUNCTION("""COMPUTED_VALUE"""),0.0) -> 0 | X20: =IFERROR(__xludf.DUMMYFUNCTION("""COMPUTED_VALUE"""),0.0) -> 0 | Y20: =IFERROR(__xludf.DUMMYFUNCTION("""COMPUTED_VALUE"""),0.0) -> 0 | Z20: =IFERROR(V20/W20*100,0) -> 0 | AA20: =IFERROR(V20/X20*100,0) -> 0 | AB20: =IFERROR(V20/Y20*100,0) -> 0
B21: 52-07 | D21: PENGANGKUTAN TITI/JEMBATAN | E21: =SUMIFS('DB WBS'!$J:$J,'DB WBS'!$A:$A,$D$4,'DB WBS'!$D:$D,AA$1,'DB WBS'!$B:$B,$E$3,'DB WBS'!$E:$E,$B21) -> 0 | F21: =SUMIFS('DB WBS'!$J:$J,'DB WBS'!$A:$A,$D$4,'DB WBS'!$D:$D,AA$2,'DB WBS'!$B:$B,$E$3,'DB WBS'!$E:$E,$B21) -> 0 | G21: =IFERROR(HLOOKUP($E$3,'Tahun Lalu'!$B$5:$V$158,MATCH(B21,'Tahun Lalu'!$B$5:$B$158,0),0),0) -> 0 | H21: =IFERROR(round(HLOOKUP('Tahun Lalu'!$D$3,RKO!$A$1:$P$171,MATCH(B21,RKO!$A$1:$A$171,0),0)*1000,0),0) -> 0 | I21: =IFERROR(round(HLOOKUP('Tahun Lalu'!$D$3,RKAP!$A$1:$P$171,MATCH(B21,RKAP!$A$1:$A$171,0),0)*1000,0),0) -> 0 | J21: =IFERROR(E21/F21*100,0) -> 0 | K21: =IFERROR(E21/G21*100,0) -> 0 | L21: =IFERROR(E21/H21*100,0) -> 0 | M21: =IFERROR(E21/I21*100,0) -> 0 | N21: =E21+V21 -> 0 | O21: =G21+W21 -> 0 | P21: =H21+X21 -> 0 | Q21: =I21+Y21 -> 0 | R21: =IFERROR(N21/O21*100,0) -> 0 | S21: =IFERROR(N21/P21*100,0) -> 0 | T21: =IFERROR(N21/Q21*100,0) -> 0 | V21: =IFERROR(__xludf.DUMMYFUNCTION("""COMPUTED_VALUE"""),0.0) -> 0 | W21: =IFERROR(__xludf.DUMMYFUNCTION("""COMPUTED_VALUE"""),0.0) -> 0 | X21: =IFERROR(__xludf.DUMMYFUNCTION("""COMPUTED_VALUE"""),0.0) -> 0 | Y21: =IFERROR(__xludf.DUMMYFUNCTION("""COMPUTED_VALUE"""),0.0) -> 0 | Z21: =IFERROR(V21/W21*100,0) -> 0 | AA21: =IFERROR(V21/X21*100,0) -> 0 | AB21: =IFERROR(V21/Y21*100,0) -> 0
B22: 52-08 | D22: PENGANGKUTAN MATERIAL LAINNYA | E22: =SUMIFS('DB WBS'!$J:$J,'DB WBS'!$A:$A,$D$4,'DB WBS'!$D:$D,AA$1,'DB WBS'!$B:$B,$E$3,'DB WBS'!$E:$E,$B22) -> 0 | F22: =SUMIFS('DB WBS'!$J:$J,'DB WBS'!$A:$A,$D$4,'DB WBS'!$D:$D,AA$2,'DB WBS'!$B:$B,$E$3,'DB WBS'!$E:$E,$B22) -> 0 | G22: =IFERROR(HLOOKUP($E$3,'Tahun Lalu'!$B$5:$V$158,MATCH(B22,'Tahun Lalu'!$B$5:$B$158,0),0),0) -> 0 | H22: =IFERROR(round(HLOOKUP('Tahun Lalu'!$D$3,RKO!$A$1:$P$171,MATCH(B22,RKO!$A$1:$A$171,0),0)*1000,0),0) -> 0 | I22: =IFERROR(round(HLOOKUP('Tahun Lalu'!$D$3,RKAP!$A$1:$P$171,MATCH(B22,RKAP!$A$1:$A$171,0),0)*1000,0),0) -> 0 | J22: =IFERROR(E22/F22*100,0) -> 0 | K22: =IFERROR(E22/G22*100,0) -> 0 | L22: =IFERROR(E22/H22*100,0) -> 0 | M22: =IFERROR(E22/I22*100,0) -> 0 | N22: =E22+V22 -> 0 | O22: =G22+W22 -> 0 | P22: =H22+X22 -> 0 | Q22: =I22+Y22 -> 0 | R22: =IFERROR(N22/O22*100,0) -> 0 | S22: =IFERROR(N22/P22*100,0) -> 0 | T22: =IFERROR(N22/Q22*100,0) -> 0 | V22: =IFERROR(__xludf.DUMMYFUNCTION("""COMPUTED_VALUE"""),0.0) -> 0 | W22: =IFERROR(__xludf.DUMMYFUNCTION("""COMPUTED_VALUE"""),0.0) -> 0 | X22: =IFERROR(__xludf.DUMMYFUNCTION("""COMPUTED_VALUE"""),0.0) -> 0 | Y22: =IFERROR(__xludf.DUMMYFUNCTION("""COMPUTED_VALUE"""),0.0) -> 0 | Z22: =IFERROR(V22/W22*100,0) -> 0 | AA22: =IFERROR(V22/X22*100,0) -> 0 | AB22: =IFERROR(V22/Y22*100,0) -> 0
B23: 52-09 | D23: TM PEMEL TERAS | E23: =SUMIFS('DB WBS'!$J:$J,'DB WBS'!$A:$A,$D$4,'DB WBS'!$D:$D,AA$1,'DB WBS'!$B:$B,$E$3,'DB WBS'!$E:$E,$B23) -> 0 | F23: =SUMIFS('DB WBS'!$J:$J,'DB WBS'!$A:$A,$D$4,'DB WBS'!$D:$D,AA$2,'DB WBS'!$B:$B,$E$3,'DB WBS'!$E:$E,$B23) -> 0 | G23: =IFERROR(HLOOKUP($E$3,'Tahun Lalu'!$B$5:$V$158,MATCH(B23,'Tahun Lalu'!$B$5:$B$158,0),0),0) -> 0 | H23: =IFERROR(round(HLOOKUP('Tahun Lalu'!$D$3,RKO!$A$1:$P$171,MATCH(B23,RKO!$A$1:$A$171,0),0)*1000,0),0) -> 0 | I23: =IFERROR(round(HLOOKUP('Tahun Lalu'!$D$3,RKAP!$A$1:$P$171,MATCH(B23,RKAP!$A$1:$A$171,0),0)*1000,0),0) -> 0 | J23: =IFERROR(E23/F23*100,0) -> 0 | K23: =IFERROR(E23/G23*100,0) -> 0 | L23: =IFERROR(E23/H23*100,0) -> 0 | M23: =IFERROR(E23/I23*100,0) -> 0 | N23: =E23+V23 -> 0 | O23: =G23+W23 -> 0 | P23: =H23+X23 -> 0 | Q23: =I23+Y23 -> 0 | R23: =IFERROR(N23/O23*100,0) -> 0 | S23: =IFERROR(N23/P23*100,0) -> 0 | T23: =IFERROR(N23/Q23*100,0) -> 0 | V23: =IFERROR(__xludf.DUMMYFUNCTION("""COMPUTED_VALUE"""),0.0) -> 0 | W23: =IFERROR(__xludf.DUMMYFUNCTION("""COMPUTED_VALUE"""),0.0) -> 0 | X23: =IFERROR(__xludf.DUMMYFUNCTION("""COMPUTED_VALUE"""),0.0) -> 0 | Y23: =IFERROR(__xludf.DUMMYFUNCTION("""COMPUTED_VALUE"""),0.0) -> 0 | Z23: =IFERROR(V23/W23*100,0) -> 0 | AA23: =IFERROR(V23/X23*100,0) -> 0 | AB23: =IFERROR(V23/Y23*100,0) -> 0
B24: 52-10 | D24: TM PEMBUATAN RORAK | E24: =SUMIFS('DB WBS'!$J:$J,'DB WBS'!$A:$A,$D$4,'DB WBS'!$D:$D,AA$1,'DB WBS'!$B:$B,$E$3,'DB WBS'!$E:$E,$B24) -> 0 | F24: =SUMIFS('DB WBS'!$J:$J,'DB WBS'!$A:$A,$D$4,'DB WBS'!$D:$D,AA$2,'DB WBS'!$B:$B,$E$3,'DB WBS'!$E:$E,$B24) -> 0 | G24: =IFERROR(HLOOKUP($E$3,'Tahun Lalu'!$B$5:$V$158,MATCH(B24,'Tahun Lalu'!$B$5:$B$158,0),0),0) -> 0 | H24: =IFERROR(round(HLOOKUP('Tahun Lalu'!$D$3,RKO!$A$1:$P$171,MATCH(B24,RKO!$A$1:$A$171,0),0)*1000,0),0) -> 0 | I24: =IFERROR(round(HLOOKUP('Tahun Lalu'!$D$3,RKAP!$A$1:$P$171,MATCH(B24,RKAP!$A$1:$A$171,0),0)*1000,0),0) -> 0 | J24: =IFERROR(E24/F24*100,0) -> 0 | K24: =IFERROR(E24/G24*100,0) -> 0 | L24: =IFERROR(E24/H24*100,0) -> 0 | M24: =IFERROR(E24/I24*100,0) -> 0 | N24: =E24+V24 -> 0 | O24: =G24+W24 -> 0 | P24: =H24+X24 -> 0 | Q24: =I24+Y24 -> 0 | R24: =IFERROR(N24/O24*100,0) -> 0 | S24: =IFERROR(N24/P24*100,0) -> 0 | T24: =IFERROR(N24/Q24*100,0) -> 0 | V24: =IFERROR(__xludf.DUMMYFUNCTION("""COMPUTED_VALUE"""),0.0) -> 0 | W24: =IFERROR(__xludf.DUMMYFUNCTION("""COMPUTED_VALUE"""),0.0) -> 0 | X24: =IFERROR(__xludf.DUMMYFUNCTION("""COMPUTED_VALUE"""),0.0) -> 0 | Y24: =IFERROR(__xludf.DUMMYFUNCTION("""COMPUTED_VALUE"""),0.0) -> 0 | Z24: =IFERROR(V24/W24*100,0) -> 0 | AA24: =IFERROR(V24/X24*100,0) -> 0 | AB24: =IFERROR(V24/Y24*100,0) -> 0
B25: 52-11 | D25: PEMELIHARAAN RORAK | E25: =SUMIFS('DB WBS'!$J:$J,'DB WBS'!$A:$A,$D$4,'DB WBS'!$D:$D,AA$1,'DB WBS'!$B:$B,$E$3,'DB WBS'!$E:$E,$B25) -> 0 | F25: =SUMIFS('DB WBS'!$J:$J,'DB WBS'!$A:$A,$D$4,'DB WBS'!$D:$D,AA$2,'DB WBS'!$B:$B,$E$3,'DB WBS'!$E:$E,$B25) -> 0 | G25: =IFERROR(HLOOKUP($E$3,'Tahun Lalu'!$B$5:$V$158,MATCH(B25,'Tahun Lalu'!$B$5:$B$158,0),0),0) -> 0 | H25: =IFERROR(round(HLOOKUP('Tahun Lalu'!$D$3,RKO!$A$1:$P$171,MATCH(B25,RKO!$A$1:$A$171,0),0)*1000,0),0) -> 0 | I25: =IFERROR(round(HLOOKUP('Tahun Lalu'!$D$3,RKAP!$A$1:$P$171,MATCH(B25,RKAP!$A$1:$A$171,0),0)*1000,0),0) -> 0 | J25: =IFERROR(E25/F25*100,0) -> 0 | K25: =IFERROR(E25/G25*100,0) -> 0 | L25: =IFERROR(E25/H25*100,0) -> 0 | M25: =IFERROR(E25/I25*100,0) -> 0 | N25: =E25+V25 -> 0 | O25: =G25+W25 -> 0 | P25: =H25+X25 -> 0 | Q25: =I25+Y25 -> 0 | R25: =IFERROR(N25/O25*100,0) -> 0 | S25: =IFERROR(N25/P25*100,0) -> 0 | T25: =IFERROR(N25/Q25*100,0) -> 0 | V25: =IFERROR(__xludf.DUMMYFUNCTION("""COMPUTED_VALUE"""),0.0) -> 0 | W25: =IFERROR(__xludf.DUMMYFUNCTION("""COMPUTED_VALUE"""),0.0) -> 0 | X25: =IFERROR(__xludf.DUMMYFUNCTION("""COMPUTED_VALUE"""),0.0) -> 0 | Y25: =IFERROR(__xludf.DUMMYFUNCTION("""COMPUTED_VALUE"""),0.0) -> 0 | Z25: =IFERROR(V25/W25*100,0) -> 0 | AA25: =IFERROR(V25/X25*100,0) -> 0 | AB25: =IFERROR(V25/Y25*100,0) -> 0
B26: 52-12 | D26: PEMELIHARAAN ERENG-ERENG | E26: =SUMIFS('DB WBS'!$J:$J,'DB WBS'!$A:$A,$D$4,'DB WBS'!$D:$D,AA$1,'DB WBS'!$B:$B,$E$3,'DB WBS'!$E:$E,$B26) -> 0 | F26: =SUMIFS('DB WBS'!$J:$J,'DB WBS'!$A:$A,$D$4,'DB WBS'!$D:$D,AA$2,'DB WBS'!$B:$B,$E$3,'DB WBS'!$E:$E,$B26) -> 0 | G26: =IFERROR(HLOOKUP($E$3,'Tahun Lalu'!$B$5:$V$158,MATCH(B26,'Tahun Lalu'!$B$5:$B$158,0),0),0) -> 0 | H26: =IFERROR(round(HLOOKUP('Tahun Lalu'!$D$3,RKO!$A$1:$P$171,MATCH(B26,RKO!$A$1:$A$171,0),0)*1000,0),0) -> 0 | I26: =IFERROR(round(HLOOKUP('Tahun Lalu'!$D$3,RKAP!$A$1:$P$171,MATCH(B26,RKAP!$A$1:$A$171,0),0)*1000,0),0) -> 0 | J26: =IFERROR(E26/F26*100,0) -> 0 | K26: =IFERROR(E26/G26*100,0) -> 0 | L26: =IFERROR(E26/H26*100,0) -> 0 | M26: =IFERROR(E26/I26*100,0) -> 0 | N26: =E26+V26 -> 0 | O26: =G26+W26 -> 0 | P26: =H26+X26 -> 0 | Q26: =I26+Y26 -> 0 | R26: =IFERROR(N26/O26*100,0) -> 0 | S26: =IFERROR(N26/P26*100,0) -> 0 | T26: =IFERROR(N26/Q26*100,0) -> 0 | V26: =IFERROR(__xludf.DUMMYFUNCTION("""COMPUTED_VALUE"""),0.0) -> 0 | W26: =IFERROR(__xludf.DUMMYFUNCTION("""COMPUTED_VALUE"""),0.0) -> 0 | X26: =IFERROR(__xludf.DUMMYFUNCTION("""COMPUTED_VALUE"""),0.0) -> 0 | Y26: =IFERROR(__xludf.DUMMYFUNCTION("""COMPUTED_VALUE"""),0.0) -> 0 | Z26: =IFERROR(V26/W26*100,0) -> 0 | AA26: =IFERROR(V26/X26*100,0) -> 0 | AB26: =IFERROR(V26/Y26*100,0) -> 0
B27: 52-13 | D27: PEMELIHARAAN SALURAN AIR | E27: =SUMIFS('DB WBS'!$J:$J,'DB WBS'!$A:$A,$D$4,'DB WBS'!$D:$D,AA$1,'DB WBS'!$B:$B,$E$3,'DB WBS'!$E:$E,$B27) -> 0 | F27: =SUMIFS('DB WBS'!$J:$J,'DB WBS'!$A:$A,$D$4,'DB WBS'!$D:$D,AA$2,'DB WBS'!$B:$B,$E$3,'DB WBS'!$E:$E,$B27) -> 0 | G27: =IFERROR(HLOOKUP($E$3,'Tahun Lalu'!$B$5:$V$158,MATCH(B27,'Tahun Lalu'!$B$5:$B$158,0),0),0) -> 0 | H27: =IFERROR(round(HLOOKUP('Tahun Lalu'!$D$3,RKO!$A$1:$P$171,MATCH(B27,RKO!$A$1:$A$171,0),0)*1000,0),0) -> 0 | I27: =IFERROR(round(HLOOKUP('Tahun Lalu'!$D$3,RKAP!$A$1:$P$171,MATCH(B27,RKAP!$A$1:$A$171,0),0)*1000,0),0) -> 0 | J27: =IFERROR(E27/F27*100,0) -> 0 | K27: =IFERROR(E27/G27*100,0) -> 0 | L27: =IFERROR(E27/H27*100,0) -> 0 | M27: =IFERROR(E27/I27*100,0) -> 0 | N27: =E27+V27 -> 0 | O27: =G27+W27 -> 0 | P27: =H27+X27 -> 0 | Q27: =I27+Y27 -> 0 | R27: =IFERROR(N27/O27*100,0) -> 0 | S27: =IFERROR(N27/P27*100,0) -> 0 | T27: =IFERROR(N27/Q27*100,0) -> 0 | V27: =IFERROR(__xludf.DUMMYFUNCTION("""COMPUTED_VALUE"""),0.0) -> 0 | W27: =IFERROR(__xludf.DUMMYFUNCTION("""COMPUTED_VALUE"""),0.0) -> 0 | X27: =IFERROR(__xludf.DUMMYFUNCTION("""COMPUTED_VALUE"""),0.0) -> 0 | Y27: =IFERROR(__xludf.DUMMYFUNCTION("""COMPUTED_VALUE"""),0.0) -> 0 | Z27: =IFERROR(V27/W27*100,0) -> 0 | AA27: =IFERROR(V27/X27*100,0) -> 0 | AB27: =IFERROR(V27/Y27*100,0) -> 0
B28: 52-14 | D28: JAGA API | E28: =SUMIFS('DB WBS'!$J:$J,'DB WBS'!$A:$A,$D$4,'DB WBS'!$D:$D,AA$1,'DB WBS'!$B:$B,$E$3,'DB WBS'!$E:$E,$B28) -> 0 | F28: =SUMIFS('DB WBS'!$J:$J,'DB WBS'!$A:$A,$D$4,'DB WBS'!$D:$D,AA$2,'DB WBS'!$B:$B,$E$3,'DB WBS'!$E:$E,$B28) -> 0 | G28: =IFERROR(HLOOKUP($E$3,'Tahun Lalu'!$B$5:$V$158,MATCH(B28,'Tahun Lalu'!$B$5:$B$158,0),0),0) -> 0 | H28: =IFERROR(round(HLOOKUP('Tahun Lalu'!$D$3,RKO!$A$1:$P$171,MATCH(B28,RKO!$A$1:$A$171,0),0)*1000,0),0) -> 0 | I28: =IFERROR(round(HLOOKUP('Tahun Lalu'!$D$3,RKAP!$A$1:$P$171,MATCH(B28,RKAP!$A$1:$A$171,0),0)*1000,0),0) -> 0 | J28: =IFERROR(E28/F28*100,0) -> 0 | K28: =IFERROR(E28/G28*100,0) -> 0 | L28: =IFERROR(E28/H28*100,0) -> 0 | M28: =IFERROR(E28/I28*100,0) -> 0 | N28: =E28+V28 -> 0 | O28: =G28+W28 -> 0 | P28: =H28+X28 -> 0 | Q28: =I28+Y28 -> 0 | R28: =IFERROR(N28/O28*100,0) -> 0 | S28: =IFERROR(N28/P28*100,0) -> 0 | T28: =IFERROR(N28/Q28*100,0) -> 0 | V28: =IFERROR(__xludf.DUMMYFUNCTION("""COMPUTED_VALUE"""),0.0) -> 0 | W28: =IFERROR(__xludf.DUMMYFUNCTION("""COMPUTED_VALUE"""),0.0) -> 0 | X28: =IFERROR(__xludf.DUMMYFUNCTION("""COMPUTED_VALUE"""),0.0) -> 0 | Y28: =IFERROR(__xludf.DUMMYFUNCTION("""COMPUTED_VALUE"""),0.0) -> 0 | Z28: =IFERROR(V28/W28*100,0) -> 0 | AA28: =IFERROR(V28/X28*100,0) -> 0 | AB28: =IFERROR(V28/Y28*100,0) -> 0
B29: 90-01 | D29: ALOKASI GC PEMEL | E29: =SUMIFS('DB WBS'!$J:$J,'DB WBS'!$A:$A,$D$4,'DB WBS'!$D:$D,AA$1,'DB WBS'!$B:$B,$E$3,'DB WBS'!$E:$E,$B29) -> 31997642 | F29: =SUMIFS('DB WBS'!$J:$J,'DB WBS'!$A:$A,$D$4,'DB WBS'!$D:$D,AA$2,'DB WBS'!$B:$B,$E$3,'DB WBS'!$E:$E,$B29) -> 26271300 | G29: =IFERROR(HLOOKUP($E$3,'Tahun Lalu'!$B$5:$V$158,MATCH(B29,'Tahun Lalu'!$B$5:$B$158,0),0),0) -> 23271917 | H29: =IFERROR(round(HLOOKUP('Tahun Lalu'!$D$3,RKO!$A$1:$P$171,MATCH(B29,RKO!$A$1:$A$171,0),0)*1000,0),0) -> 0 | I29: =IFERROR(round(HLOOKUP('Tahun Lalu'!$D$3,RKAP!$A$1:$P$171,MATCH(B29,RKAP!$A$1:$A$171,0),0)*1000,0),0) -> 0 | J29: =IFERROR(E29/F29*100,0) -> 121.79695 | K29: =IFERROR(E29/G29*100,0) -> 137.49465 | L29: =IFERROR(E29/H29*100,0) -> 0 | M29: =IFERROR(E29/I29*100,0) -> 0 | N29: =E29+V29 -> 140515182 | O29: =G29+W29 -> 134115966 | P29: =H29+X29 -> 0 | Q29: =I29+Y29 -> 0 | R29: =IFERROR(N29/O29*100,0) -> 104.77141 | S29: =IFERROR(N29/P29*100,0) -> 0 | T29: =IFERROR(N29/Q29*100,0) -> 0 | V29: =IFERROR(__xludf.DUMMYFUNCTION("""COMPUTED_VALUE"""),1.0851754E8) -> 108517540 | W29: =IFERROR(__xludf.DUMMYFUNCTION("""COMPUTED_VALUE"""),1.10844049E8) -> 110844049 | X29: =IFERROR(__xludf.DUMMYFUNCTION("""COMPUTED_VALUE"""),0.0) -> 0 | Y29: =IFERROR(__xludf.DUMMYFUNCTION("""COMPUTED_VALUE"""),0.0) -> 0 | Z29: =IFERROR(V29/W29*100,0) -> 97.901097 | AA29: =IFERROR(V29/X29*100,0) -> 0 | AB29: =IFERROR(V29/Y29*100,0) -> 0
E30: =SUMIFS('DB WBS'!$J:$J,'DB WBS'!$A:$A,$D$4,'DB WBS'!$D:$D,AA$1,'DB WBS'!$B:$B,$E$3,'DB WBS'!$E:$E,$B30) -> 0 | F30: =SUMIFS('DB WBS'!$J:$J,'DB WBS'!$A:$A,$D$4,'DB WBS'!$D:$D,AA$2,'DB WBS'!$B:$B,$E$3,'DB WBS'!$E:$E,$B30) -> 0 | G30: =IFERROR(HLOOKUP($E$3,'Tahun Lalu'!$B$5:$V$158,MATCH(B30,'Tahun Lalu'!$B$5:$B$158,0),0),0) -> 0 | H30: =IFERROR(round(HLOOKUP('Tahun Lalu'!$D$3,RKO!$A$1:$P$171,MATCH(B30,RKO!$A$1:$A$171,0),0)*1000,0),0) -> 0 | I30: =IFERROR(round(HLOOKUP('Tahun Lalu'!$D$3,RKAP!$A$1:$P$171,MATCH(B30,RKAP!$A$1:$A$171,0),0)*1000,0),0) -> 0 | J30: =IFERROR(E30/F30*100,0) -> 0 | K30: =IFERROR(E30/G30*100,0) -> 0 | L30: =IFERROR(E30/H30*100,0) -> 0 | M30: =IFERROR(E30/I30*100,0) -> 0 | N30: =E30+V30 -> 0 | O30: =G30+W30 -> 0 | P30: =H30+X30 -> 0 | Q30: =I30+Y30 -> 0 | R30: =IFERROR(N30/O30*100,0) -> 0 | S30: =IFERROR(N30/P30*100,0) -> 0 | T30: =IFERROR(N30/Q30*100,0) -> 0 | V30: =IFERROR(__xludf.DUMMYFUNCTION("""COMPUTED_VALUE"""),0.0) -> 0 | W30: =IFERROR(__xludf.DUMMYFUNCTION("""COMPUTED_VALUE"""),0.0) -> 0 | X30: =IFERROR(__xludf.DUMMYFUNCTION("""COMPUTED_VALUE"""),0.0) -> 0 | Y30: =IFERROR(__xludf.DUMMYFUNCTION("""COMPUTED_VALUE"""),0.0) -> 0 | Z30: =IFERROR(V30/W30*100,0) -> 0 | AA30: =IFERROR(V30/X30*100,0) -> 0 | AB30: =IFERROR(V30/Y30*100,0) -> 0
E31: =SUMIFS('DB WBS'!$J:$J,'DB WBS'!$A:$A,$D$4,'DB WBS'!$D:$D,AA$1,'DB WBS'!$B:$B,$E$3,'DB WBS'!$E:$E,$B31) -> 0 | F31: =SUMIFS('DB WBS'!$J:$J,'DB WBS'!$A:$A,$D$4,'DB WBS'!$D:$D,AA$2,'DB WBS'!$B:$B,$E$3,'DB WBS'!$E:$E,$B31) -> 0 | G31: =IFERROR(HLOOKUP($E$3,'Tahun Lalu'!$B$5:$V$158,MATCH(B31,'Tahun Lalu'!$B$5:$B$158,0),0),0) -> 0 | H31: =IFERROR(round(HLOOKUP('Tahun Lalu'!$D$3,RKO!$A$1:$P$171,MATCH(B31,RKO!$A$1:$A$171,0),0)*1000,0),0) -> 0 | I31: =IFERROR(round(HLOOKUP('Tahun Lalu'!$D$3,RKAP!$A$1:$P$171,MATCH(B31,RKAP!$A$1:$A$171,0),0)*1000,0),0) -> 0 | J31: =IFERROR(E31/F31*100,0) -> 0 | K31: =IFERROR(E31/G31*100,0) -> 0 | L31: =IFERROR(E31/H31*100,0) -> 0 | M31: =IFERROR(E31/I31*100,0) -> 0 | N31: =E31+V31 -> 0 | O31: =G31+W31 -> 0 | P31: =H31+X31 -> 0 | Q31: =I31+Y31 -> 0 | R31: =IFERROR(N31/O31*100,0) -> 0 | S31: =IFERROR(N31/P31*100,0) -> 0 | T31: =IFERROR(N31/Q31*100,0) -> 0 | V31: =IFERROR(__xludf.DUMMYFUNCTION("""COMPUTED_VALUE"""),0.0) -> 0 | W31: =IFERROR(__xludf.DUMMYFUNCTION("""COMPUTED_VALUE"""),0.0) -> 0 | X31: =IFERROR(__xludf.DUMMYFUNCTION("""COMPUTED_VALUE"""),0.0) -> 0 | Y31: =IFERROR(__xludf.DUMMYFUNCTION("""COMPUTED_VALUE"""),0.0) -> 0 | Z31: =IFERROR(V31/W31*100,0) -> 0 | AA31: =IFERROR(V31/X31*100,0) -> 0 | AB31: =IFERROR(V31/Y31*100,0) -> 0
B32: Jumlah Biaya Pemeliharaan pemeliharaan jalan, jembatan, dan saluran air | E32: =SUM(E15:E31) -> 31997642 | F32: =SUM(F15:F31) -> 26271300 | G32: =SUM(G15:G31) -> 23271917 | H32: =SUM(H15:H31) -> 160172 | I32: =SUM(I15:I31) -> 160172 | J32: =IFERROR(E32/F32*100,0) -> 121.79695 | K32: =IFERROR(E32/G32*100,0) -> 137.49465 | L32: =IFERROR(E32/H32*100,0) -> 19977.051 | M32: =IFERROR(E32/I32*100,0) -> 19977.051 | N32: =SUM(N15:N31) -> 140515182 | O32: =SUM(O15:O31) -> 139115966 | P32: =SUM(P15:P31) -> 790849 | Q32: =SUM(Q15:Q31) -> 790849 | R32: =IFERROR(N32/O32*100,0) -> 101.00579 | S32: =IFERROR(N32/P32*100,0) -> 17767.637 | T32: =IFERROR(N32/Q32*100,0) -> 17767.637 | V32: =IFERROR(__xludf.DUMMYFUNCTION("""COMPUTED_VALUE"""),1.0851754E8) -> 108517540 | W32: =IFERROR(__xludf.DUMMYFUNCTION("""COMPUTED_VALUE"""),1.15844049E8) -> 115844049 | X32: =IFERROR(__xludf.DUMMYFUNCTION("""COMPUTED_VALUE"""),630677.0) -> 630677 | Y32: =IFERROR(__xludf.DUMMYFUNCTION("""COMPUTED_VALUE"""),630677.0) -> 630677 | Z32: =IFERROR(V32/W32*100,0) -> 93.675541 | AA32: =IFERROR(V32/X32*100,0) -> 17206.516 | AB32: =IFERROR(V32/Y32*100,0) -> 17206.516
D33: TM MEMOTONG TAJUK/MENUNAS POHON | E33: =SUMIFS('DB WBS'!$J:$J,'DB WBS'!$A:$A,$D$4,'DB WBS'!$D:$D,AA$1,'DB WBS'!$B:$B,$E$3,'DB WBS'!$E:$E,$B33) -> 0 | F33: =SUMIFS('DB WBS'!$J:$J,'DB WBS'!$A:$A,$D$4,'DB WBS'!$D:$D,AA$2,'DB WBS'!$B:$B,$E$3,'DB WBS'!$E:$E,$B33) -> 0 | G33: =IFERROR(HLOOKUP($E$3,'Tahun Lalu'!$B$5:$V$158,MATCH(B33,'Tahun Lalu'!$B$5:$B$158,0),0),0) -> 0 | H33: =IFERROR(round(HLOOKUP('Tahun Lalu'!$D$3,RKO!$A$1:$P$171,MATCH(B33,RKO!$A$1:$A$171,0),0)*1000,0),0) -> 0 | I33: =IFERROR(round(HLOOKUP('Tahun Lalu'!$D$3,RKAP!$A$1:$P$171,MATCH(B33,RKAP!$A$1:$A$171,0),0)*1000,0),0) -> 0 | J33: =IFERROR(E33/F33*100,0) -> 0 | K33: =IFERROR(E33/G33*100,0) -> 0 | L33: =IFERROR(E33/H33*100,0) -> 0 | M33: =IFERROR(E33/I33*100,0) -> 0 | N33: =E33+V33 -> 0 | O33: =G33+W33 -> 0 | P33: =H33+X33 -> 0 | Q33: =I33+Y33 -> 0 | R33: =IFERROR(N33/O33*100,0) -> 0 | S33: =IFERROR(N33/P33*100,0) -> 0 | T33: =IFERROR(N33/Q33*100,0) -> 0 | V33: =IFERROR(__xludf.DUMMYFUNCTION("""COMPUTED_VALUE"""),0.0) -> 0 | W33: =IFERROR(__xludf.DUMMYFUNCTION("""COMPUTED_VALUE"""),0.0) -> 0 | X33: =IFERROR(__xludf.DUMMYFUNCTION("""COMPUTED_VALUE"""),0.0) -> 0 | Y33: =IFERROR(__xludf.DUMMYFUNCTION("""COMPUTED_VALUE"""),0.0) -> 0 | Z33: =IFERROR(V33/W33*100,0) -> 0 | AA33: =IFERROR(V33/X33*100,0) -> 0 | AB33: =IFERROR(V33/Y33*100,0) -> 0
B34: Jumlah Biaya Pemangkasan / Tunas | E34: =SUM(E33) -> 0 | F34: =SUM(F33) -> 0 | G34: =SUM(G33) -> 0 | H34: =SUM(H33) -> 0 | I34: =SUM(I33) -> 0 | J34: =IFERROR(E34/F34*100,0) -> 0 | K34: =IFERROR(E34/G34*100,0) -> 0 | L34: =IFERROR(E34/H34*100,0) -> 0 | M34: =IFERROR(E34/I34*100,0) -> 0 | N34: =SUM(N33) -> 0 | O34: =SUM(O33) -> 0 | P34: =SUM(P33) -> 0 | Q34: =SUM(Q33) -> 0 | R34: =IFERROR(N34/O34*100,0) -> 0 | S34: =IFERROR(N34/P34*100,0) -> 0 | T34: =IFERROR(N34/Q34*100,0) -> 0 | V34: =IFERROR(__xludf.DUMMYFUNCTION("""COMPUTED_VALUE"""),0.0) -> 0 | W34: =IFERROR(__xludf.DUMMYFUNCTION("""COMPUTED_VALUE"""),0.0) -> 0 | X34: =IFERROR(__xludf.DUMMYFUNCTION("""COMPUTED_VALUE"""),0.0) -> 0 | Y34: =IFERROR(__xludf.DUMMYFUNCTION("""COMPUTED_VALUE"""),0.0) -> 0 | Z34: =IFERROR(V34/W34*100,0) -> 0 | AA34: =IFERROR(V34/X34*100,0) -> 0 | AB34: =IFERROR(V34/Y34*100,0) -> 0
B35: 53-01 | D35: PENYIANGAN / PENGENDALIAN GULMA CHEMIS | E35: =SUMIFS('DB WBS'!$J:$J,'DB WBS'!$A:$A,$D$4,'DB WBS'!$D:$D,AA$1,'DB WBS'!$B:$B,$E$3,'DB WBS'!$E:$E,$B35) -> 0 | F35: =SUMIFS('DB WBS'!$J:$J,'DB WBS'!$A:$A,$D$4,'DB WBS'!$D:$D,AA$2,'DB WBS'!$B:$B,$E$3,'DB WBS'!$E:$E,$B35) -> 0 | G35: =IFERROR(HLOOKUP($E$3,'Tahun Lalu'!$B$5:$V$158,MATCH(B35,'Tahun Lalu'!$B$5:$B$158,0),0),0) -> 0 | H35: =IFERROR(round(HLOOKUP('Tahun Lalu'!$D$3,RKO!$A$1:$P$171,MATCH(B35,RKO!$A$1:$A$171,0),0)*1000,0),0) -> 0 | I35: =IFERROR(round(HLOOKUP('Tahun Lalu'!$D$3,RKAP!$A$1:$P$171,MATCH(B35,RKAP!$A$1:$A$171,0),0)*1000,0),0) -> 0 | J35: =IFERROR(E35/F35*100,0) -> 0 | K35: =IFERROR(E35/G35*100,0) -> 0 | L35: =IFERROR(E35/H35*100,0) -> 0 | M35: =IFERROR(E35/I35*100,0) -> 0 | N35: =E35+V35 -> 0 | O35: =G35+W35 -> 0 | P35: =H35+X35 -> 0 | Q35: =I35+Y35 -> 0 | R35: =IFERROR(N35/O35*100,0) -> 0 | S35: =IFERROR(N35/P35*100,0) -> 0 | T35: =IFERROR(N35/Q35*100,0) -> 0 | V35: =IFERROR(__xludf.DUMMYFUNCTION("""COMPUTED_VALUE"""),0.0) -> 0 | W35: =IFERROR(__xludf.DUMMYFUNCTION("""COMPUTED_VALUE"""),0.0) -> 0 | X35: =IFERROR(__xludf.DUMMYFUNCTION("""COMPUTED_VALUE"""),0.0) -> 0 | Y35: =IFERROR(__xludf.DUMMYFUNCTION("""COMPUTED_VALUE"""),0.0) -> 0 | Z35: =IFERROR(V35/W35*100,0) -> 0 | AA35: =IFERROR(V35/X35*100,0) -> 0 | AB35: =IFERROR(V35/Y35*100,0) -> 0
B36: 53-02 | D36: DONGKEL ANAK KAYU | E36: =SUMIFS('DB WBS'!$J:$J,'DB WBS'!$A:$A,$D$4,'DB WBS'!$D:$D,AA$1,'DB WBS'!$B:$B,$E$3,'DB WBS'!$E:$E,$B36) -> 0 | F36: =SUMIFS('DB WBS'!$J:$J,'DB WBS'!$A:$A,$D$4,'DB WBS'!$D:$D,AA$2,'DB WBS'!$B:$B,$E$3,'DB WBS'!$E:$E,$B36) -> 0 | G36: =IFERROR(HLOOKUP($E$3,'Tahun Lalu'!$B$5:$V$158,MATCH(B36,'Tahun Lalu'!$B$5:$B$158,0),0),0) -> 0 | H36: =IFERROR(round(HLOOKUP('Tahun Lalu'!$D$3,RKO!$A$1:$P$171,MATCH(B36,RKO!$A$1:$A$171,0),0)*1000,0),0) -> 0 | I36: =IFERROR(round(HLOOKUP('Tahun Lalu'!$D$3,RKAP!$A$1:$P$171,MATCH(B36,RKAP!$A$1:$A$171,0),0)*1000,0),0) -> 0 | J36: =IFERROR(E36/F36*100,0) -> 0 | K36: =IFERROR(E36/G36*100,0) -> 0 | L36: =IFERROR(E36/H36*100,0) -> 0 | M36: =IFERROR(E36/I36*100,0) -> 0 | N36: =E36+V36 -> 0 | O36: =G36+W36 -> 0 | P36: =H36+X36 -> 0 | Q36: =I36+Y36 -> 0 | R36: =IFERROR(N36/O36*100,0) -> 0 | S36: =IFERROR(N36/P36*100,0) -> 0 | T36: =IFERROR(N36/Q36*100,0) -> 0 | V36: =IFERROR(__xludf.DUMMYFUNCTION("""COMPUTED_VALUE"""),0.0) -> 0 | W36: =IFERROR(__xludf.DUMMYFUNCTION("""COMPUTED_VALUE"""),0.0) -> 0 | X36: =IFERROR(__xludf.DUMMYFUNCTION("""COMPUTED_VALUE"""),0.0) -> 0 | Y36: =IFERROR(__xludf.DUMMYFUNCTION("""COMPUTED_VALUE"""),0.0) -> 0 | Z36: =IFERROR(V36/W36*100,0) -> 0 | AA36: =IFERROR(V36/X36*100,0) -> 0 | AB36: =IFERROR(V36/Y36*100,0) -> 0
B37: 53-03 | D37: PENGENDALIAN LALANG SHEET | E37: =SUMIFS('DB WBS'!$J:$J,'DB WBS'!$A:$A,$D$4,'DB WBS'!$D:$D,AA$1,'DB WBS'!$B:$B,$E$3,'DB WBS'!$E:$E,$B37) -> 0 | F37: =SUMIFS('DB WBS'!$J:$J,'DB WBS'!$A:$A,$D$4,'DB WBS'!$D:$D,AA$2,'DB WBS'!$B:$B,$E$3,'DB WBS'!$E:$E,$B37) -> 0 | G37: =IFERROR(HLOOKUP($E$3,'Tahun Lalu'!$B$5:$V$158,MATCH(B37,'Tahun Lalu'!$B$5:$B$158,0),0),0) -> 0 | H37: =IFERROR(round(HLOOKUP('Tahun Lalu'!$D$3,RKO!$A$1:$P$171,MATCH(B37,RKO!$A$1:$A$171,0),0)*1000,0),0) -> 0 | I37: =IFERROR(round(HLOOKUP('Tahun Lalu'!$D$3,RKAP!$A$1:$P$171,MATCH(B37,RKAP!$A$1:$A$171,0),0)*1000,0),0) -> 0 | J37: =IFERROR(E37/F37*100,0) -> 0 | K37: =IFERROR(E37/G37*100,0) -> 0 | L37: =IFERROR(E37/H37*100,0) -> 0 | M37: =IFERROR(E37/I37*100,0) -> 0 | N37: =E37+V37 -> 0 | O37: =G37+W37 -> 0 | P37: =H37+X37 -> 0 | Q37: =I37+Y37 -> 0 | R37: =IFERROR(N37/O37*100,0) -> 0 | S37: =IFERROR(N37/P37*100,0) -> 0 | T37: =IFERROR(N37/Q37*100,0) -> 0 | V37: =IFERROR(__xludf.DUMMYFUNCTION("""COMPUTED_VALUE"""),0.0) -> 0 | W37: =IFERROR(__xludf.DUMMYFUNCTION("""COMPUTED_VALUE"""),0.0) -> 0 | X37: =IFERROR(__xludf.DUMMYFUNCTION("""COMPUTED_VALUE"""),0.0) -> 0 | Y37: =IFERROR(__xludf.DUMMYFUNCTION("""COMPUTED_VALUE"""),0.0) -> 0 | Z37: =IFERROR(V37/W37*100,0) -> 0 | AA37: =IFERROR(V37/X37*100,0) -> 0 | AB37: =IFERROR(V37/Y37*100,0) -> 0
B38: 53-04 | D38: PEMELIHARAAN GAWANGAN MANUAL | E38: =SUMIFS('DB WBS'!$J:$J,'DB WBS'!$A:$A,$D$4,'DB WBS'!$D:$D,AA$1,'DB WBS'!$B:$B,$E$3,'DB WBS'!$E:$E,$B38) -> 34720000 | F38: =SUMIFS('DB WBS'!$J:$J,'DB WBS'!$A:$A,$D$4,'DB WBS'!$D:$D,AA$2,'DB WBS'!$B:$B,$E$3,'DB WBS'!$E:$E,$B38) -> 39005879 | G38: =IFERROR(HLOOKUP($E$3,'Tahun Lalu'!$B$5:$V$158,MATCH(B38,'Tahun Lalu'!$B$5:$B$158,0),0),0) -> 0 | H38: =IFERROR(round(HLOOKUP('Tahun Lalu'!$D$3,RKO!$A$1:$P$171,MATCH(B38,RKO!$A$1:$A$171,0),0)*1000,0),0) -> 46049482 | I38: =IFERROR(round(HLOOKUP('Tahun Lalu'!$D$3,RKAP!$A$1:$P$171,MATCH(B38,RKAP!$A$1:$A$171,0),0)*1000,0),0) -> 46049482 | J38: =IFERROR(E38/F38*100,0) -> 89.012223 | K38: =IFERROR(E38/G38*100,0) -> 0 | L38: =IFERROR(E38/H38*100,0) -> 75.397156 | M38: =IFERROR(E38/I38*100,0) -> 75.397156 | N38: =E38+V38 -> 137984118 | O38: =G38+W38 -> 0 | P38: =H38+X38 -> 239507361 | Q38: =I38+Y38 -> 239507361 | R38: =IFERROR(N38/O38*100,0) -> 0 | S38: =IFERROR(N38/P38*100,0) -> 57.61164 | T38: =IFERROR(N38/Q38*100,0) -> 57.61164 | V38: =IFERROR(__xludf.DUMMYFUNCTION("""COMPUTED_VALUE"""),1.03264118E8) -> 103264118 | W38: =IFERROR(__xludf.DUMMYFUNCTION("""COMPUTED_VALUE"""),0.0) -> 0 | X38: =IFERROR(__xludf.DUMMYFUNCTION("""COMPUTED_VALUE"""),1.93457879E8) -> 193457879 | Y38: =IFERROR(__xludf.DUMMYFUNCTION("""COMPUTED_VALUE"""),1.93457879E8) -> 193457879 | Z38: =IFERROR(V38/W38*100,0) -> 0 | AA38: =IFERROR(V38/X38*100,0) -> 53.378089 | AB38: =IFERROR(V38/Y38*100,0) -> 53.378089
B39: 53-05 | D39: PEMELIHARAAN GAWANGAN CHEMIS | E39: =SUMIFS('DB WBS'!$J:$J,'DB WBS'!$A:$A,$D$4,'DB WBS'!$D:$D,AA$1,'DB WBS'!$B:$B,$E$3,'DB WBS'!$E:$E,$B39) -> 0 | F39: =SUMIFS('DB WBS'!$J:$J,'DB WBS'!$A:$A,$D$4,'DB WBS'!$D:$D,AA$2,'DB WBS'!$B:$B,$E$3,'DB WBS'!$E:$E,$B39) -> 0 | G39: =IFERROR(HLOOKUP($E$3,'Tahun Lalu'!$B$5:$V$158,MATCH(B39,'Tahun Lalu'!$B$5:$B$158,0),0),0) -> 0 | H39: =IFERROR(round(HLOOKUP('Tahun Lalu'!$D$3,RKO!$A$1:$P$171,MATCH(B39,RKO!$A$1:$A$171,0),0)*1000,0),0) -> 32089482 | I39: =IFERROR(round(HLOOKUP('Tahun Lalu'!$D$3,RKAP!$A$1:$P$171,MATCH(B39,RKAP!$A$1:$A$171,0),0)*1000,0),0) -> 32089482 | J39: =IFERROR(E39/F39*100,0) -> 0 | K39: =IFERROR(E39/G39*100,0) -> 0 | L39: =IFERROR(E39/H39*100,0) -> 0 | M39: =IFERROR(E39/I39*100,0) -> 0 | N39: =E39+V39 -> 0 | O39: =G39+W39 -> 0 | P39: =H39+X39 -> 239590182 | Q39: =I39+Y39 -> 239590182 | R39: =IFERROR(N39/O39*100,0) -> 0 | S39: =IFERROR(N39/P39*100,0) -> 0 | T39: =IFERROR(N39/Q39*100,0) -> 0 | V39: =IFERROR(__xludf.DUMMYFUNCTION("""COMPUTED_VALUE"""),0.0) -> 0 | W39: =IFERROR(__xludf.DUMMYFUNCTION("""COMPUTED_VALUE"""),0.0) -> 0 | X39: =IFERROR(__xludf.DUMMYFUNCTION("""COMPUTED_VALUE"""),2.075007E8) -> 207500700 | Y39: =IFERROR(__xludf.DUMMYFUNCTION("""COMPUTED_VALUE"""),2.075007E8) -> 207500700 | Z39: =IFERROR(V39/W39*100,0) -> 0 | AA39: =IFERROR(V39/X39*100,0) -> 0 | AB39: =IFERROR(V39/Y39*100,0) -> 0
B40: 53-06 | D40: MENYIANG/MERUMPUT MANUAL | E40: =SUMIFS('DB WBS'!$J:$J,'DB WBS'!$A:$A,$D$4,'DB WBS'!$D:$D,AA$1,'DB WBS'!$B:$B,$E$3,'DB WBS'!$E:$E,$B40) -> 0 | F40: =SUMIFS('DB WBS'!$J:$J,'DB WBS'!$A:$A,$D$4,'DB WBS'!$D:$D,AA$2,'DB WBS'!$B:$B,$E$3,'DB WBS'!$E:$E,$B40) -> 0 | G40: =IFERROR(HLOOKUP($E$3,'Tahun Lalu'!$B$5:$V$158,MATCH(B40,'Tahun Lalu'!$B$5:$B$158,0),0),0) -> 0 | H40: =IFERROR(round(HLOOKUP('Tahun Lalu'!$D$3,RKO!$A$1:$P$171,MATCH(B40,RKO!$A$1:$A$171,0),0)*1000,0),0) -> 0 | I40: =IFERROR(round(HLOOKUP('Tahun Lalu'!$D$3,RKAP!$A$1:$P$171,MATCH(B40,RKAP!$A$1:$A$171,0),0)*1000,0),0) -> 0 | J40: =IFERROR(E40/F40*100,0) -> 0 | K40: =IFERROR(E40/G40*100,0) -> 0 | L40: =IFERROR(E40/H40*100,0) -> 0 | M40: =IFERROR(E40/I40*100,0) -> 0 | N40: =E40+V40 -> 0 | O40: =G40+W40 -> 0 | P40: =H40+X40 -> 0 | Q40: =I40+Y40 -> 0 | R40: =IFERROR(N40/O40*100,0) -> 0 | S40: =IFERROR(N40/P40*100,0) -> 0 | T40: =IFERROR(N40/Q40*100,0) -> 0 | V40: =IFERROR(__xludf.DUMMYFUNCTION("""COMPUTED_VALUE"""),0.0) -> 0 | W40: =IFERROR(__xludf.DUMMYFUNCTION("""COMPUTED_VALUE"""),0.0) -> 0 | X40: =IFERROR(__xludf.DUMMYFUNCTION("""COMPUTED_VALUE"""),0.0) -> 0 | Y40: =IFERROR(__xludf.DUMMYFUNCTION("""COMPUTED_VALUE"""),0.0) -> 0 | Z40: =IFERROR(V40/W40*100,0) -> 0 | AA40: =IFERROR(V40/X40*100,0) -> 0 | AB40: =IFERROR(V40/Y40*100,0) -> 0
B41: 53-07 | D41: STRIP WEEDING CHEMIS | E41: =SUMIFS('DB WBS'!$J:$J,'DB WBS'!$A:$A,$D$4,'DB WBS'!$D:$D,AA$1,'DB WBS'!$B:$B,$E$3,'DB WBS'!$E:$E,$B41) -> 47137408 | F41: =SUMIFS('DB WBS'!$J:$J,'DB WBS'!$A:$A,$D$4,'DB WBS'!$D:$D,AA$2,'DB WBS'!$B:$B,$E$3,'DB WBS'!$E:$E,$B41) -> 0 | G41: =IFERROR(HLOOKUP($E$3,'Tahun Lalu'!$B$5:$V$158,MATCH(B41,'Tahun Lalu'!$B$5:$B$158,0),0),0) -> 46575686 | H41: =IFERROR(round(HLOOKUP('Tahun Lalu'!$D$3,RKO!$A$1:$P$171,MATCH(B41,RKO!$A$1:$A$171,0),0)*1000,0),0) -> 0 | I41: =IFERROR(round(HLOOKUP('Tahun Lalu'!$D$3,RKAP!$A$1:$P$171,MATCH(B41,RKAP!$A$1:$A$171,0),0)*1000,0),0) -> 0 | J41: =IFERROR(E41/F41*100,0) -> 0 | K41: =IFERROR(E41/G41*100,0) -> 101.20604 | L41: =IFERROR(E41/H41*100,0) -> 0 | M41: =IFERROR(E41/I41*100,0) -> 0 | N41: =E41+V41 -> 155535386 | O41: =G41+W41 -> 196256004 | P41: =H41+X41 -> 0 | Q41: =I41+Y41 -> 0 | R41: =IFERROR(N41/O41*100,0) -> 79.251275 | S41: =IFERROR(N41/P41*100,0) -> 0 | T41: =IFERROR(N41/Q41*100,0) -> 0 | V41: =IFERROR(__xludf.DUMMYFUNCTION("""COMPUTED_VALUE"""),1.08397978E8) -> 108397978 | W41: =IFERROR(__xludf.DUMMYFUNCTION("""COMPUTED_VALUE"""),1.49680318E8) -> 149680318 | X41: =IFERROR(__xludf.DUMMYFUNCTION("""COMPUTED_VALUE"""),0.0) -> 0 | Y41: =IFERROR(__xludf.DUMMYFUNCTION("""COMPUTED_VALUE"""),0.0) -> 0 | Z41: =IFERROR(V41/W41*100,0) -> 72.41966 | AA41: =IFERROR(V41/X41*100,0) -> 0 | AB41: =IFERROR(V41/Y41*100,0) -> 0
B42: 53-08 | D42: TM - TRANSPORT TENAGA | E42: =SUMIFS('DB WBS'!$J:$J,'DB WBS'!$A:$A,$D$4,'DB WBS'!$D:$D,AA$1,'DB WBS'!$B:$B,$E$3,'DB WBS'!$E:$E,$B42) -> 0 | F42: =SUMIFS('DB WBS'!$J:$J,'DB WBS'!$A:$A,$D$4,'DB WBS'!$D:$D,AA$2,'DB WBS'!$B:$B,$E$3,'DB WBS'!$E:$E,$B42) -> 0 | G42: =IFERROR(HLOOKUP($E$3,'Tahun Lalu'!$B$5:$V$158,MATCH(B42,'Tahun Lalu'!$B$5:$B$158,0),0),0) -> 0 | H42: =IFERROR(round(HLOOKUP('Tahun Lalu'!$D$3,RKO!$A$1:$P$171,MATCH(B42,RKO!$A$1:$A$171,0),0)*1000,0),0) -> 0 | I42: =IFERROR(round(HLOOKUP('Tahun Lalu'!$D$3,RKAP!$A$1:$P$171,MATCH(B42,RKAP!$A$1:$A$171,0),0)*1000,0),0) -> 0 | J42: =IFERROR(E42/F42*100,0) -> 0 | K42: =IFERROR(E42/G42*100,0) -> 0 | L42: =IFERROR(E42/H42*100,0) -> 0 | M42: =IFERROR(E42/I42*100,0) -> 0 | N42: =E42+V42 -> 0 | O42: =G42+W42 -> 0 | P42: =H42+X42 -> 0 | Q42: =I42+Y42 -> 0 | R42: =IFERROR(N42/O42*100,0) -> 0 | S42: =IFERROR(N42/P42*100,0) -> 0 | T42: =IFERROR(N42/Q42*100,0) -> 0 | V42: =IFERROR(__xludf.DUMMYFUNCTION("""COMPUTED_VALUE"""),0.0) -> 0 | W42: =IFERROR(__xludf.DUMMYFUNCTION("""COMPUTED_VALUE"""),0.0) -> 0 | X42: =IFERROR(__xludf.DUMMYFUNCTION("""COMPUTED_VALUE"""),0.0) -> 0 | Y42: =IFERROR(__xludf.DUMMYFUNCTION("""COMPUTED_VALUE"""),0.0) -> 0 | Z42: =IFERROR(V42/W42*100,0) -> 0 | AA42: =IFERROR(V42/X42*100,0) -> 0 | AB42: =IFERROR(V42/Y42*100,0) -> 0
B43: 55-02 | D43: MERENCEK/MEMOTONG BATANG-RANTING | E43: =SUMIFS('DB WBS'!$J:$J,'DB WBS'!$A:$A,$D$4,'DB WBS'!$D:$D,AA$1,'DB WBS'!$B:$B,$E$3,'DB WBS'!$E:$E,$B43) -> 0 | F43: =SUMIFS('DB WBS'!$J:$J,'DB WBS'!$A:$A,$D$4,'DB WBS'!$D:$D,AA$2,'DB WBS'!$B:$B,$E$3,'DB WBS'!$E:$E,$B43) -> 0 | G43: =IFERROR(HLOOKUP($E$3,'Tahun Lalu'!$B$5:$V$158,MATCH(B43,'Tahun Lalu'!$B$5:$B$158,0),0),0) -> 0 | H43: =IFERROR(round(HLOOKUP('Tahun Lalu'!$D$3,RKO!$A$1:$P$171,MATCH(B43,RKO!$A$1:$A$171,0),0)*1000,0),0) -> 0 | I43: =IFERROR(round(HLOOKUP('Tahun Lalu'!$D$3,RKAP!$A$1:$P$171,MATCH(B43,RKAP!$A$1:$A$171,0),0)*1000,0),0) -> 0 | J43: =IFERROR(E43/F43*100,0) -> 0 | K43: =IFERROR(E43/G43*100,0) -> 0 | L43: =IFERROR(E43/H43*100,0) -> 0 | M43: =IFERROR(E43/I43*100,0) -> 0 | N43: =E43+V43 -> 0 | O43: =G43+W43 -> 0 | P43: =H43+X43 -> 0 | Q43: =I43+Y43 -> 0 | R43: =IFERROR(N43/O43*100,0) -> 0 | S43: =IFERROR(N43/P43*100,0) -> 0 | T43: =IFERROR(N43/Q43*100,0) -> 0 | V43: =IFERROR(__xludf.DUMMYFUNCTION("""COMPUTED_VALUE"""),0.0) -> 0 | W43: =IFERROR(__xludf.DUMMYFUNCTION("""COMPUTED_VALUE"""),0.0) -> 0 | X43: =IFERROR(__xludf.DUMMYFUNCTION("""COMPUTED_VALUE"""),0.0) -> 0 | Y43: =IFERROR(__xludf.DUMMYFUNCTION("""COMPUTED_VALUE"""),0.0) -> 0 | Z43: =IFERROR(V43/W43*100,0) -> 0 | AA43: =IFERROR(V43/X43*100,0) -> 0 | AB43: =IFERROR(V43/Y43*100,0) -> 0
E44: =SUMIFS('DB WBS'!$J:$J,'DB WBS'!$A:$A,$D$4,'DB WBS'!$D:$D,AA$1,'DB WBS'!$B:$B,$E$3,'DB WBS'!$E:$E,$B44) -> 0 | F44: =SUMIFS('DB WBS'!$J:$J,'DB WBS'!$A:$A,$D$4,'DB WBS'!$D:$D,AA$2,'DB WBS'!$B:$B,$E$3,'DB WBS'!$E:$E,$B44) -> 0 | G44: =IFERROR(HLOOKUP($E$3,'Tahun Lalu'!$B$5:$V$158,MATCH(B44,'Tahun Lalu'!$B$5:$B$158,0),0),0) -> 0 | H44: =IFERROR(round(HLOOKUP('Tahun Lalu'!$D$3,RKO!$A$1:$P$171,MATCH(B44,RKO!$A$1:$A$171,0),0)*1000,0),0) -> 0 | I44: =IFERROR(round(HLOOKUP('Tahun Lalu'!$D$3,RKAP!$A$1:$P$171,MATCH(B44,RKAP!$A$1:$A$171,0),0)*1000,0),0) -> 0 | J44: =IFERROR(E44/F44*100,0) -> 0 | K44: =IFERROR(E44/G44*100,0) -> 0 | L44: =IFERROR(E44/H44*100,0) -> 0 | M44: =IFERROR(E44/I44*100,0) -> 0 | N44: =E44+V44 -> 0 | O44: =G44+W44 -> 0 | P44: =H44+X44 -> 0 | Q44: =I44+Y44 -> 0 | R44: =IFERROR(N44/O44*100,0) -> 0 | S44: =IFERROR(N44/P44*100,0) -> 0 | T44: =IFERROR(N44/Q44*100,0) -> 0 | V44: =IFERROR(__xludf.DUMMYFUNCTION("""COMPUTED_VALUE"""),0.0) -> 0 | W44: =IFERROR(__xludf.DUMMYFUNCTION("""COMPUTED_VALUE"""),0.0) -> 0 | X44: =IFERROR(__xludf.DUMMYFUNCTION("""COMPUTED_VALUE"""),0.0) -> 0 | Y44: =IFERROR(__xludf.DUMMYFUNCTION("""COMPUTED_VALUE"""),0.0) -> 0 | Z44: =IFERROR(V44/W44*100,0) -> 0 | AA44: =IFERROR(V44/X44*100,0) -> 0 | AB44: =IFERROR(V44/Y44*100,0) -> 0
B45: Jumlah Biaya Pengendalian Gulma | E45: =SUM(E35:E44) -> 81857408 | F45: =SUM(F35:F44) -> 39005879 | G45: =SUM(G35:G44) -> 46575686 | H45: =SUM(H35:H44) -> 78138964 | I45: =SUM(I35:I44) -> 78138964 | J45: =IFERROR(E45/F45*100,0) -> 209.85915 | K45: =IFERROR(E45/G45*100,0) -> 175.75137 | L45: =IFERROR(E45/H45*100,0) -> 104.75876 | M45: =IFERROR(E45/I45*100,0) -> 104.75876 | N45: =SUM(N35:N44) -> 293519504 | O45: =SUM(O35:O44) -> 196256004 | P45: =SUM(P35:P44) -> 479097543 | Q45: =SUM(Q35:Q44) -> 479097543 | R45: =IFERROR(N45/O45*100,0) -> 149.5595 | S45: =IFERROR(N45/P45*100,0) -> 61.265082 | T45: =IFERROR(N45/Q45*100,0) -> 61.265082 | V45: =IFERROR(__xludf.DUMMYFUNCTION("""COMPUTED_VALUE"""),2.11662096E8) -> 211662096 | W45: =IFERROR(__xludf.DUMMYFUNCTION("""COMPUTED_VALUE"""),1.49680318E8) -> 149680318 | X45: =IFERROR(__xludf.DUMMYFUNCTION("""COMPUTED_VALUE"""),4.00958579E8) -> 400958579 | Y45: =IFERROR(__xludf.DUMMYFUNCTION("""COMPUTED_VALUE"""),4.00958579E8) -> 400958579 | Z45: =IFERROR(V45/W45*100,0) -> 141.40944 | AA45: =IFERROR(V45/X45*100,0) -> 52.789018 | AB45: =IFERROR(V45/Y45*100,0) -> 52.789018
B46: 55-08 | D46: STIMULANSIA | E46: =SUMIFS('DB WBS'!$J:$J,'DB WBS'!$A:$A,$D$4,'DB WBS'!$D:$D,AA$1,'DB WBS'!$B:$B,$E$3,'DB WBS'!$E:$E,$B46) -> 2943589 | F46: =SUMIFS('DB WBS'!$J:$J,'DB WBS'!$A:$A,$D$4,'DB WBS'!$D:$D,AA$2,'DB WBS'!$B:$B,$E$3,'DB WBS'!$E:$E,$B46) -> 2900301 | G46: =IFERROR(HLOOKUP($E$3,'Tahun Lalu'!$B$5:$V$158,MATCH(B46,'Tahun Lalu'!$B$5:$B$158,0),0),0) -> 7387346 | H46: =IFERROR(round(HLOOKUP('Tahun Lalu'!$D$3,RKO!$A$1:$P$171,MATCH(B46,RKO!$A$1:$A$171,0),0)*1000,0),0) -> 0 | I46: =IFERROR(round(HLOOKUP('Tahun Lalu'!$D$3,RKAP!$A$1:$P$171,MATCH(B46,RKAP!$A$1:$A$171,0),0)*1000,0),0) -> 0 | J46: =IFERROR(E46/F46*100,0) -> 101.49253 | K46: =IFERROR(E46/G46*100,0) -> 39.846367 | L46: =IFERROR(E46/H46*100,0) -> 0 | M46: =IFERROR(E46/I46*100,0) -> 0 | N46: =E46+V46 -> 16103158 | O46: =G46+W46 -> 35778097 | P46: =H46+X46 -> 0 | Q46: =I46+Y46 -> 0 | R46: =IFERROR(N46/O46*100,0) -> 45.008425 | S46: =IFERROR(N46/P46*100,0) -> 0 | T46: =IFERROR(N46/Q46*100,0) -> 0 | V46: =IFERROR(__xludf.DUMMYFUNCTION("""COMPUTED_VALUE"""),1.3159569E7) -> 13159569 | W46: =IFERROR(__xludf.DUMMYFUNCTION("""COMPUTED_VALUE"""),2.8390751E7) -> 28390751 | X46: =IFERROR(__xludf.DUMMYFUNCTION("""COMPUTED_VALUE"""),0.0) -> 0 | Y46: =IFERROR(__xludf.DUMMYFUNCTION("""COMPUTED_VALUE"""),0.0) -> 0 | Z46: =IFERROR(V46/W46*100,0) -> 46.351606 | AA46: =IFERROR(V46/X46*100,0) -> 0 | AB46: =IFERROR(V46/Y46*100,0) -> 0
B47: 55-01 | D47: COLLETOTRICHUM | E47: =SUMIFS('DB WBS'!$J:$J,'DB WBS'!$A:$A,$D$4,'DB WBS'!$D:$D,AA$1,'DB WBS'!$B:$B,$E$3,'DB WBS'!$E:$E,$B47) -> 0 | F47: =SUMIFS('DB WBS'!$J:$J,'DB WBS'!$A:$A,$D$4,'DB WBS'!$D:$D,AA$2,'DB WBS'!$B:$B,$E$3,'DB WBS'!$E:$E,$B47) -> 0 | G47: =IFERROR(HLOOKUP($E$3,'Tahun Lalu'!$B$5:$V$158,MATCH(B47,'Tahun Lalu'!$B$5:$B$158,0),0),0) -> 0 | H47: =IFERROR(round(HLOOKUP('Tahun Lalu'!$D$3,RKO!$A$1:$P$171,MATCH(B47,RKO!$A$1:$A$171,0),0)*1000,0),0) -> 0 | I47: =IFERROR(round(HLOOKUP('Tahun Lalu'!$D$3,RKAP!$A$1:$P$171,MATCH(B47,RKAP!$A$1:$A$171,0),0)*1000,0),0) -> 0 | J47: =IFERROR(E47/F47*100,0) -> 0 | K47: =IFERROR(E47/G47*100,0) -> 0 | L47: =IFERROR(E47/H47*100,0) -> 0 | M47: =IFERROR(E47/I47*100,0) -> 0 | N47: =E47+V47 -> 0 | O47: =G47+W47 -> 0 | P47: =H47+X47 -> 0 | Q47: =I47+Y47 -> 0 | R47: =IFERROR(N47/O47*100,0) -> 0 | S47: =IFERROR(N47/P47*100,0) -> 0 | T47: =IFERROR(N47/Q47*100,0) -> 0 | V47: =IFERROR(__xludf.DUMMYFUNCTION("""COMPUTED_VALUE"""),0.0) -> 0 | W47: =IFERROR(__xludf.DUMMYFUNCTION("""COMPUTED_VALUE"""),0.0) -> 0 | X47: =IFERROR(__xludf.DUMMYFUNCTION("""COMPUTED_VALUE"""),0.0) -> 0 | Y47: =IFERROR(__xludf.DUMMYFUNCTION("""COMPUTED_VALUE"""),0.0) -> 0 | Z47: =IFERROR(V47/W47*100,0) -> 0 | AA47: =IFERROR(V47/X47*100,0) -> 0 | AB47: =IFERROR(V47/Y47*100,0) -> 0
B48: 55-03 | D48: KEKERINGAN ALUR SADAP - KEROK & LUMAS | E48: =SUMIFS('DB WBS'!$J:$J,'DB WBS'!$A:$A,$D$4,'DB WBS'!$D:$D,AA$1,'DB WBS'!$B:$B,$E$3,'DB WBS'!$E:$E,$B48) -> 0 | F48: =SUMIFS('DB WBS'!$J:$J,'DB WBS'!$A:$A,$D$4,'DB WBS'!$D:$D,AA$2,'DB WBS'!$B:$B,$E$3,'DB WBS'!$E:$E,$B48) -> 0 | G48: =IFERROR(HLOOKUP($E$3,'Tahun Lalu'!$B$5:$V$158,MATCH(B48,'Tahun Lalu'!$B$5:$B$158,0),0),0) -> 0 | H48: =IFERROR(round(HLOOKUP('Tahun Lalu'!$D$3,RKO!$A$1:$P$171,MATCH(B48,RKO!$A$1:$A$171,0),0)*1000,0),0) -> 0 | I48: =IFERROR(round(HLOOKUP('Tahun Lalu'!$D$3,RKAP!$A$1:$P$171,MATCH(B48,RKAP!$A$1:$A$171,0),0)*1000,0),0) -> 0 | J48: =IFERROR(E48/F48*100,0) -> 0 | K48: =IFERROR(E48/G48*100,0) -> 0 | L48: =IFERROR(E48/H48*100,0) -> 0 | M48: =IFERROR(E48/I48*100,0) -> 0 | N48: =E48+V48 -> 0 | O48: =G48+W48 -> 0 | P48: =H48+X48 -> 0 | Q48: =I48+Y48 -> 0 | R48: =IFERROR(N48/O48*100,0) -> 0 | S48: =IFERROR(N48/P48*100,0) -> 0 | T48: =IFERROR(N48/Q48*100,0) -> 0 | V48: =IFERROR(__xludf.DUMMYFUNCTION("""COMPUTED_VALUE"""),0.0) -> 0 | W48: =IFERROR(__xludf.DUMMYFUNCTION("""COMPUTED_VALUE"""),0.0) -> 0 | X48: =IFERROR(__xludf.DUMMYFUNCTION("""COMPUTED_VALUE"""),0.0) -> 0 | Y48: =IFERROR(__xludf.DUMMYFUNCTION("""COMPUTED_VALUE"""),0.0) -> 0 | Z48: =IFERROR(V48/W48*100,0) -> 0 | AA48: =IFERROR(V48/X48*100,0) -> 0 | AB48: =IFERROR(V48/Y48*100,0) -> 0
B49: 55-04 | D49: JAMUR UPAS | E49: =SUMIFS('DB WBS'!$J:$J,'DB WBS'!$A:$A,$D$4,'DB WBS'!$D:$D,AA$1,'DB WBS'!$B:$B,$E$3,'DB WBS'!$E:$E,$B49) -> 0 | F49: =SUMIFS('DB WBS'!$J:$J,'DB WBS'!$A:$A,$D$4,'DB WBS'!$D:$D,AA$2,'DB WBS'!$B:$B,$E$3,'DB WBS'!$E:$E,$B49) -> 0 | G49: =IFERROR(HLOOKUP($E$3,'Tahun Lalu'!$B$5:$V$158,MATCH(B49,'Tahun Lalu'!$B$5:$B$158,0),0),0) -> 0 | H49: =IFERROR(round(HLOOKUP('Tahun Lalu'!$D$3,RKO!$A$1:$P$171,MATCH(B49,RKO!$A$1:$A$171,0),0)*1000,0),0) -> 0 | I49: =IFERROR(round(HLOOKUP('Tahun Lalu'!$D$3,RKAP!$A$1:$P$171,MATCH(B49,RKAP!$A$1:$A$171,0),0)*1000,0),0) -> 0 | J49: =IFERROR(E49/F49*100,0) -> 0 | K49: =IFERROR(E49/G49*100,0) -> 0 | L49: =IFERROR(E49/H49*100,0) -> 0 | M49: =IFERROR(E49/I49*100,0) -> 0 | N49: =E49+V49 -> 0 | O49: =G49+W49 -> 0 | P49: =H49+X49 -> 0 | Q49: =I49+Y49 -> 0 | R49: =IFERROR(N49/O49*100,0) -> 0 | S49: =IFERROR(N49/P49*100,0) -> 0 | T49: =IFERROR(N49/Q49*100,0) -> 0 | V49: =IFERROR(__xludf.DUMMYFUNCTION("""COMPUTED_VALUE"""),0.0) -> 0 | W49: =IFERROR(__xludf.DUMMYFUNCTION("""COMPUTED_VALUE"""),0.0) -> 0 | X49: =IFERROR(__xludf.DUMMYFUNCTION("""COMPUTED_VALUE"""),0.0) -> 0 | Y49: =IFERROR(__xludf.DUMMYFUNCTION("""COMPUTED_VALUE"""),0.0) -> 0 | Z49: =IFERROR(V49/W49*100,0) -> 0 | AA49: =IFERROR(V49/X49*100,0) -> 0 | AB49: =IFERROR(V49/Y49*100,0) -> 0
B50: 55-05 | D50: BARK NICROSIS (BN) | E50: =SUMIFS('DB WBS'!$J:$J,'DB WBS'!$A:$A,$D$4,'DB WBS'!$D:$D,AA$1,'DB WBS'!$B:$B,$E$3,'DB WBS'!$E:$E,$B50) -> 0 | F50: =SUMIFS('DB WBS'!$J:$J,'DB WBS'!$A:$A,$D$4,'DB WBS'!$D:$D,AA$2,'DB WBS'!$B:$B,$E$3,'DB WBS'!$E:$E,$B50) -> 0 | G50: =IFERROR(HLOOKUP($E$3,'Tahun Lalu'!$B$5:$V$158,MATCH(B50,'Tahun Lalu'!$B$5:$B$158,0),0),0) -> 0 | H50: =IFERROR(round(HLOOKUP('Tahun Lalu'!$D$3,RKO!$A$1:$P$171,MATCH(B50,RKO!$A$1:$A$171,0),0)*1000,0),0) -> 0 | I50: =IFERROR(round(HLOOKUP('Tahun Lalu'!$D$3,RKAP!$A$1:$P$171,MATCH(B50,RKAP!$A$1:$A$171,0),0)*1000,0),0) -> 0 | J50: =IFERROR(E50/F50*100,0) -> 0 | K50: =IFERROR(E50/G50*100,0) -> 0 | L50: =IFERROR(E50/H50*100,0) -> 0 | M50: =IFERROR(E50/I50*100,0) -> 0 | N50: =E50+V50 -> 0 | O50: =G50+W50 -> 0 | P50: =H50+X50 -> 0 | Q50: =I50+Y50 -> 0 | R50: =IFERROR(N50/O50*100,0) -> 0 | S50: =IFERROR(N50/P50*100,0) -> 0 | T50: =IFERROR(N50/Q50*100,0) -> 0 | V50: =IFERROR(__xludf.DUMMYFUNCTION("""COMPUTED_VALUE"""),0.0) -> 0 | W50: =IFERROR(__xludf.DUMMYFUNCTION("""COMPUTED_VALUE"""),0.0) -> 0 | X50: =IFERROR(__xludf.DUMMYFUNCTION("""COMPUTED_VALUE"""),0.0) -> 0 | Y50: =IFERROR(__xludf.DUMMYFUNCTION("""COMPUTED_VALUE"""),0.0) -> 0 | Z50: =IFERROR(V50/W50*100,0) -> 0 | AA50: =IFERROR(V50/X50*100,0) -> 0 | AB50: =IFERROR(V50/Y50*100,0) -> 0
B51: 55-06 | D51: MOUDYROT | E51: =SUMIFS('DB WBS'!$J:$J,'DB WBS'!$A:$A,$D$4,'DB WBS'!$D:$D,AA$1,'DB WBS'!$B:$B,$E$3,'DB WBS'!$E:$E,$B51) -> 0 | F51: =SUMIFS('DB WBS'!$J:$J,'DB WBS'!$A:$A,$D$4,'DB WBS'!$D:$D,AA$2,'DB WBS'!$B:$B,$E$3,'DB WBS'!$E:$E,$B51) -> 0 | G51: =IFERROR(HLOOKUP($E$3,'Tahun Lalu'!$B$5:$V$158,MATCH(B51,'Tahun Lalu'!$B$5:$B$158,0),0),0) -> 0 | H51: =IFERROR(round(HLOOKUP('Tahun Lalu'!$D$3,RKO!$A$1:$P$171,MATCH(B51,RKO!$A$1:$A$171,0),0)*1000,0),0) -> 0 | I51: =IFERROR(round(HLOOKUP('Tahun Lalu'!$D$3,RKAP!$A$1:$P$171,MATCH(B51,RKAP!$A$1:$A$171,0),0)*1000,0),0) -> 0 | J51: =IFERROR(E51/F51*100,0) -> 0 | K51: =IFERROR(E51/G51*100,0) -> 0 | L51: =IFERROR(E51/H51*100,0) -> 0 | M51: =IFERROR(E51/I51*100,0) -> 0 | N51: =E51+V51 -> 0 | O51: =G51+W51 -> 0 | P51: =H51+X51 -> 0 | Q51: =I51+Y51 -> 0 | R51: =IFERROR(N51/O51*100,0) -> 0 | S51: =IFERROR(N51/P51*100,0) -> 0 | T51: =IFERROR(N51/Q51*100,0) -> 0 | V51: =IFERROR(__xludf.DUMMYFUNCTION("""COMPUTED_VALUE"""),0.0) -> 0 | W51: =IFERROR(__xludf.DUMMYFUNCTION("""COMPUTED_VALUE"""),0.0) -> 0 | X51: =IFERROR(__xludf.DUMMYFUNCTION("""COMPUTED_VALUE"""),0.0) -> 0 | Y51: =IFERROR(__xludf.DUMMYFUNCTION("""COMPUTED_VALUE"""),0.0) -> 0 | Z51: =IFERROR(V51/W51*100,0) -> 0 | AA51: =IFERROR(V51/X51*100,0) -> 0 | AB51: =IFERROR(V51/Y51*100,0) -> 0
B52: 55-07 | D52: JAMUR AKAR PUTIH (JAP) | E52: =SUMIFS('DB WBS'!$J:$J,'DB WBS'!$A:$A,$D$4,'DB WBS'!$D:$D,AA$1,'DB WBS'!$B:$B,$E$3,'DB WBS'!$E:$E,$B52) -> 0 | F52: =SUMIFS('DB WBS'!$J:$J,'DB WBS'!$A:$A,$D$4,'DB WBS'!$D:$D,AA$2,'DB WBS'!$B:$B,$E$3,'DB WBS'!$E:$E,$B52) -> 0 | G52: =IFERROR(HLOOKUP($E$3,'Tahun Lalu'!$B$5:$V$158,MATCH(B52,'Tahun Lalu'!$B$5:$B$158,0),0),0) -> 0 | H52: =IFERROR(round(HLOOKUP('Tahun Lalu'!$D$3,RKO!$A$1:$P$171,MATCH(B52,RKO!$A$1:$A$171,0),0)*1000,0),0) -> 0 | I52: =IFERROR(round(HLOOKUP('Tahun Lalu'!$D$3,RKAP!$A$1:$P$171,MATCH(B52,RKAP!$A$1:$A$171,0),0)*1000,0),0) -> 0 | J52: =IFERROR(E52/F52*100,0) -> 0 | K52: =IFERROR(E52/G52*100,0) -> 0 | L52: =IFERROR(E52/H52*100,0) -> 0 | M52: =IFERROR(E52/I52*100,0) -> 0 | N52: =E52+V52 -> 0 | O52: =G52+W52 -> 0 | P52: =H52+X52 -> 0 | Q52: =I52+Y52 -> 0 | R52: =IFERROR(N52/O52*100,0) -> 0 | S52: =IFERROR(N52/P52*100,0) -> 0 | T52: =IFERROR(N52/Q52*100,0) -> 0 | V52: =IFERROR(__xludf.DUMMYFUNCTION("""COMPUTED_VALUE"""),0.0) -> 0 | W52: =IFERROR(__xludf.DUMMYFUNCTION("""COMPUTED_VALUE"""),0.0) -> 0 | X52: =IFERROR(__xludf.DUMMYFUNCTION("""COMPUTED_VALUE"""),0.0) -> 0 | Y52: =IFERROR(__xludf.DUMMYFUNCTION("""COMPUTED_VALUE"""),0.0) -> 0 | Z52: =IFERROR(V52/W52*100,0) -> 0 | AA52: =IFERROR(V52/X52*100,0) -> 0 | AB52: =IFERROR(V52/Y52*100,0) -> 0
B53: 55-09 | D53: SENSUS & DETEKSI HPT | E53: =SUMIFS('DB WBS'!$J:$J,'DB WBS'!$A:$A,$D$4,'DB WBS'!$D:$D,AA$1,'DB WBS'!$B:$B,$E$3,'DB WBS'!$E:$E,$B53) -> 0 | F53: =SUMIFS('DB WBS'!$J:$J,'DB WBS'!$A:$A,$D$4,'DB WBS'!$D:$D,AA$2,'DB WBS'!$B:$B,$E$3,'DB WBS'!$E:$E,$B53) -> 0 | G53: =IFERROR(HLOOKUP($E$3,'Tahun Lalu'!$B$5:$V$158,MATCH(B53,'Tahun Lalu'!$B$5:$B$158,0),0),0) -> 0 | H53: =IFERROR(round(HLOOKUP('Tahun Lalu'!$D$3,RKO!$A$1:$P$171,MATCH(B53,RKO!$A$1:$A$171,0),0)*1000,0),0) -> 0 | I53: =IFERROR(round(HLOOKUP('Tahun Lalu'!$D$3,RKAP!$A$1:$P$171,MATCH(B53,RKAP!$A$1:$A$171,0),0)*1000,0),0) -> 0 | J53: =IFERROR(E53/F53*100,0) -> 0 | K53: =IFERROR(E53/G53*100,0) -> 0 | L53: =IFERROR(E53/H53*100,0) -> 0 | M53: =IFERROR(E53/I53*100,0) -> 0 | N53: =E53+V53 -> 0 | O53: =G53+W53 -> 0 | P53: =H53+X53 -> 0 | Q53: =I53+Y53 -> 0 | R53: =IFERROR(N53/O53*100,0) -> 0 | S53: =IFERROR(N53/P53*100,0) -> 0 | T53: =IFERROR(N53/Q53*100,0) -> 0 | V53: =IFERROR(__xludf.DUMMYFUNCTION("""COMPUTED_VALUE"""),0.0) -> 0 | W53: =IFERROR(__xludf.DUMMYFUNCTION("""COMPUTED_VALUE"""),0.0) -> 0 | X53: =IFERROR(__xludf.DUMMYFUNCTION("""COMPUTED_VALUE"""),0.0) -> 0 | Y53: =IFERROR(__xludf.DUMMYFUNCTION("""COMPUTED_VALUE"""),0.0) -> 0 | Z53: =IFERROR(V53/W53*100,0) -> 0 | AA53: =IFERROR(V53/X53*100,0) -> 0 | AB53: =IFERROR(V53/Y53*100,0) -> 0
B54: 55-10 | D54: PENGENDALIAN HAMA LAINNYA | E54: =SUMIFS('DB WBS'!$J:$J,'DB WBS'!$A:$A,$D$4,'DB WBS'!$D:$D,AA$1,'DB WBS'!$B:$B,$E$3,'DB WBS'!$E:$E,$B54) -> 0 | F54: =SUMIFS('DB WBS'!$J:$J,'DB WBS'!$A:$A,$D$4,'DB WBS'!$D:$D,AA$2,'DB WBS'!$B:$B,$E$3,'DB WBS'!$E:$E,$B54) -> 0 | G54: =IFERROR(HLOOKUP($E$3,'Tahun Lalu'!$B$5:$V$158,MATCH(B54,'Tahun Lalu'!$B$5:$B$158,0),0),0) -> 0 | H54: =IFERROR(round(HLOOKUP('Tahun Lalu'!$D$3,RKO!$A$1:$P$171,MATCH(B54,RKO!$A$1:$A$171,0),0)*1000,0),0) -> 0 | I54: =IFERROR(round(HLOOKUP('Tahun Lalu'!$D$3,RKAP!$A$1:$P$171,MATCH(B54,RKAP!$A$1:$A$171,0),0)*1000,0),0) -> 0 | J54: =IFERROR(E54/F54*100,0) -> 0 | K54: =IFERROR(E54/G54*100,0) -> 0 | L54: =IFERROR(E54/H54*100,0) -> 0 | M54: =IFERROR(E54/I54*100,0) -> 0 | N54: =E54+V54 -> 0 | O54: =G54+W54 -> 0 | P54: =H54+X54 -> 0 | Q54: =I54+Y54 -> 0 | R54: =IFERROR(N54/O54*100,0) -> 0 | S54: =IFERROR(N54/P54*100,0) -> 0 | T54: =IFERROR(N54/Q54*100,0) -> 0 | V54: =IFERROR(__xludf.DUMMYFUNCTION("""COMPUTED_VALUE"""),0.0) -> 0 | W54: =IFERROR(__xludf.DUMMYFUNCTION("""COMPUTED_VALUE"""),0.0) -> 0 | X54: =IFERROR(__xludf.DUMMYFUNCTION("""COMPUTED_VALUE"""),0.0) -> 0 | Y54: =IFERROR(__xludf.DUMMYFUNCTION("""COMPUTED_VALUE"""),0.0) -> 0 | Z54: =IFERROR(V54/W54*100,0) -> 0 | AA54: =IFERROR(V54/X54*100,0) -> 0 | AB54: =IFERROR(V54/Y54*100,0) -> 0
B55: 55-11 | D55: TM PENGENDALIAN PENYAKIT MILDEW | E55: =SUMIFS('DB WBS'!$J:$J,'DB WBS'!$A:$A,$D$4,'DB WBS'!$D:$D,AA$1,'DB WBS'!$B:$B,$E$3,'DB WBS'!$E:$E,$B55) -> 0 | F55: =SUMIFS('DB WBS'!$J:$J,'DB WBS'!$A:$A,$D$4,'DB WBS'!$D:$D,AA$2,'DB WBS'!$B:$B,$E$3,'DB WBS'!$E:$E,$B55) -> 0 | G55: =IFERROR(HLOOKUP($E$3,'Tahun Lalu'!$B$5:$V$158,MATCH(B55,'Tahun Lalu'!$B$5:$B$158,0),0),0) -> 0 | H55: =IFERROR(round(HLOOKUP('Tahun Lalu'!$D$3,RKO!$A$1:$P$171,MATCH(B55,RKO!$A$1:$A$171,0),0)*1000,0),0) -> 0 | I55: =IFERROR(round(HLOOKUP('Tahun Lalu'!$D$3,RKAP!$A$1:$P$171,MATCH(B55,RKAP!$A$1:$A$171,0),0)*1000,0),0) -> 0 | J55: =IFERROR(E55/F55*100,0) -> 0 | K55: =IFERROR(E55/G55*100,0) -> 0 | L55: =IFERROR(E55/H55*100,0) -> 0 | M55: =IFERROR(E55/I55*100,0) -> 0 | N55: =E55+V55 -> 0 | O55: =G55+W55 -> 0 | P55: =H55+X55 -> 0 | Q55: =I55+Y55 -> 0 | R55: =IFERROR(N55/O55*100,0) -> 0 | S55: =IFERROR(N55/P55*100,0) -> 0 | T55: =IFERROR(N55/Q55*100,0) -> 0 | V55: =IFERROR(__xludf.DUMMYFUNCTION("""COMPUTED_VALUE"""),0.0) -> 0 | W55: =IFERROR(__xludf.DUMMYFUNCTION("""COMPUTED_VALUE"""),0.0) -> 0 | X55: =IFERROR(__xludf.DUMMYFUNCTION("""COMPUTED_VALUE"""),0.0) -> 0 | Y55: =IFERROR(__xludf.DUMMYFUNCTION("""COMPUTED_VALUE"""),0.0) -> 0 | Z55: =IFERROR(V55/W55*100,0) -> 0 | AA55: =IFERROR(V55/X55*100,0) -> 0 | AB55: =IFERROR(V55/Y55*100,0) -> 0
B56: 55-12 | D56: TM PENGENDALIAN PENYAKIT LAINNYA | E56: =SUMIFS('DB WBS'!$J:$J,'DB WBS'!$A:$A,$D$4,'DB WBS'!$D:$D,AA$1,'DB WBS'!$B:$B,$E$3,'DB WBS'!$E:$E,$B56) -> 0 | F56: =SUMIFS('DB WBS'!$J:$J,'DB WBS'!$A:$A,$D$4,'DB WBS'!$D:$D,AA$2,'DB WBS'!$B:$B,$E$3,'DB WBS'!$E:$E,$B56) -> 0 | G56: =IFERROR(HLOOKUP($E$3,'Tahun Lalu'!$B$5:$V$158,MATCH(B56,'Tahun Lalu'!$B$5:$B$158,0),0),0) -> 0 | H56: =IFERROR(round(HLOOKUP('Tahun Lalu'!$D$3,RKO!$A$1:$P$171,MATCH(B56,RKO!$A$1:$A$171,0),0)*1000,0),0) -> 0 | I56: =IFERROR(round(HLOOKUP('Tahun Lalu'!$D$3,RKAP!$A$1:$P$171,MATCH(B56,RKAP!$A$1:$A$171,0),0)*1000,0),0) -> 0 | J56: =IFERROR(E56/F56*100,0) -> 0 | K56: =IFERROR(E56/G56*100,0) -> 0 | L56: =IFERROR(E56/H56*100,0) -> 0 | M56: =IFERROR(E56/I56*100,0) -> 0 | N56: =E56+V56 -> 0 | O56: =G56+W56 -> 0 | P56: =H56+X56 -> 0 | Q56: =I56+Y56 -> 0 | R56: =IFERROR(N56/O56*100,0) -> 0 | S56: =IFERROR(N56/P56*100,0) -> 0 | T56: =IFERROR(N56/Q56*100,0) -> 0 | V56: =IFERROR(__xludf.DUMMYFUNCTION("""COMPUTED_VALUE"""),0.0) -> 0 | W56: =IFERROR(__xludf.DUMMYFUNCTION("""COMPUTED_VALUE"""),0.0) -> 0 | X56: =IFERROR(__xludf.DUMMYFUNCTION("""COMPUTED_VALUE"""),0.0) -> 0 | Y56: =IFERROR(__xludf.DUMMYFUNCTION("""COMPUTED_VALUE"""),0.0) -> 0 | Z56: =IFERROR(V56/W56*100,0) -> 0 | AA56: =IFERROR(V56/X56*100,0) -> 0 | AB56: =IFERROR(V56/Y56*100,0) -> 0
E57: =SUMIFS('DB WBS'!$J:$J,'DB WBS'!$A:$A,$D$4,'DB WBS'!$D:$D,AA$1,'DB WBS'!$B:$B,$E$3,'DB WBS'!$E:$E,$B57) -> 0 | F57: =SUMIFS('DB WBS'!$J:$J,'DB WBS'!$A:$A,$D$4,'DB WBS'!$D:$D,AA$2,'DB WBS'!$B:$B,$E$3,'DB WBS'!$E:$E,$B57) -> 0 | G57: =IFERROR(HLOOKUP($E$3,'Tahun Lalu'!$B$5:$V$158,MATCH(B57,'Tahun Lalu'!$B$5:$B$158,0),0),0) -> 0 | H57: =IFERROR(round(HLOOKUP('Tahun Lalu'!$D$3,RKO!$A$1:$P$171,MATCH(B57,RKO!$A$1:$A$171,0),0)*1000,0),0) -> 0 | I57: =IFERROR(round(HLOOKUP('Tahun Lalu'!$D$3,RKAP!$A$1:$P$171,MATCH(B57,RKAP!$A$1:$A$171,0),0)*1000,0),0) -> 0 | J57: =IFERROR(E57/F57*100,0) -> 0 | K57: =IFERROR(E57/G57*100,0) -> 0 | L57: =IFERROR(E57/H57*100,0) -> 0 | M57: =IFERROR(E57/I57*100,0) -> 0 | N57: =E57+V57 -> 0 | O57: =G57+W57 -> 0 | P57: =H57+X57 -> 0 | Q57: =I57+Y57 -> 0 | R57: =IFERROR(N57/O57*100,0) -> 0 | S57: =IFERROR(N57/P57*100,0) -> 0 | T57: =IFERROR(N57/Q57*100,0) -> 0 | V57: =IFERROR(__xludf.DUMMYFUNCTION("""COMPUTED_VALUE"""),0.0) -> 0 | W57: =IFERROR(__xludf.DUMMYFUNCTION("""COMPUTED_VALUE"""),0.0) -> 0 | X57: =IFERROR(__xludf.DUMMYFUNCTION("""COMPUTED_VALUE"""),0.0) -> 0 | Y57: =IFERROR(__xludf.DUMMYFUNCTION("""COMPUTED_VALUE"""),0.0) -> 0 | Z57: =IFERROR(V57/W57*100,0) -> 0 | AA57: =IFERROR(V57/X57*100,0) -> 0 | AB57: =IFERROR(V57/Y57*100,0) -> 0
B58: Jumlah Biaya Pengendalian Hama dan Penyakit | E58: =SUM(E46:E57) -> 2943589 | F58: =SUM(F46:F57) -> 2900301 | G58: =SUM(G46:G57) -> 7387346 | H58: =SUM(H46:H57) -> 0 | I58: =SUM(I46:I57) -> 0 | J58: =IFERROR(E58/F58*100,0) -> 101.49253 | K58: =IFERROR(E58/G58*100,0) -> 39.846367 | L58: =IFERROR(E58/H58*100,0) -> 0 | M58: =IFERROR(E58/I58*100,0) -> 0 | N58: =SUM(N46:N57) -> 16103158 | O58: =SUM(O46:O57) -> 35778097 | P58: =SUM(P46:P57) -> 0 | Q58: =SUM(Q46:Q57) -> 0 | R58: =IFERROR(N58/O58*100,0) -> 45.008425 | S58: =IFERROR(N58/P58*100,0) -> 0 | T58: =IFERROR(N58/Q58*100,0) -> 0 | V58: =IFERROR(__xludf.DUMMYFUNCTION("""COMPUTED_VALUE"""),1.3159569E7) -> 13159569 | W58: =IFERROR(__xludf.DUMMYFUNCTION("""COMPUTED_VALUE"""),2.8390751E7) -> 28390751 | X58: =IFERROR(__xludf.DUMMYFUNCTION("""COMPUTED_VALUE"""),0.0) -> 0 | Y58: =IFERROR(__xludf.DUMMYFUNCTION("""COMPUTED_VALUE"""),0.0) -> 0 | Z58: =IFERROR(V58/W58*100,0) -> 46.351606 | AA58: =IFERROR(V58/X58*100,0) -> 0 | AB58: =IFERROR(V58/Y58*100,0) -> 0
E59: =SUMIFS('DB WBS'!$J:$J,'DB WBS'!$A:$A,$D$4,'DB WBS'!$D:$D,AA$1,'DB WBS'!$B:$B,$E$3,'DB WBS'!$E:$E,$B59) -> 0 | F59: =SUMIFS('DB WBS'!$J:$J,'DB WBS'!$A:$A,$D$4,'DB WBS'!$D:$D,AA$2,'DB WBS'!$B:$B,$E$3,'DB WBS'!$E:$E,$B59) -> 0 | G59: =IFERROR(HLOOKUP($E$3,'Tahun Lalu'!$B$5:$V$158,MATCH(B59,'Tahun Lalu'!$B$5:$B$158,0),0),0) -> 0 | H59: =IFERROR(round(HLOOKUP('Tahun Lalu'!$D$3,RKO!$A$1:$P$171,MATCH(B59,RKO!$A$1:$A$171,0),0)*1000,0),0) -> 0 | I59: =IFERROR(round(HLOOKUP('Tahun Lalu'!$D$3,RKAP!$A$1:$P$171,MATCH(B59,RKAP!$A$1:$A$171,0),0)*1000,0),0) -> 0 | J59: =IFERROR(E59/F59*100,0) -> 0 | K59: =IFERROR(E59/G59*100,0) -> 0 | L59: =IFERROR(E59/H59*100,0) -> 0 | M59: =IFERROR(E59/I59*100,0) -> 0 | N59: =E59+V59 -> 0 | O59: =G59+W59 -> 0 | P59: =H59+X59 -> 0 | Q59: =I59+Y59 -> 0 | R59: =IFERROR(N59/O59*100,0) -> 0 | S59: =IFERROR(N59/P59*100,0) -> 0 | T59: =IFERROR(N59/Q59*100,0) -> 0 | V59: =IFERROR(__xludf.DUMMYFUNCTION("""COMPUTED_VALUE"""),0.0) -> 0 | W59: =IFERROR(__xludf.DUMMYFUNCTION("""COMPUTED_VALUE"""),0.0) -> 0 | X59: =IFERROR(__xludf.DUMMYFUNCTION("""COMPUTED_VALUE"""),0.0) -> 0 | Y59: =IFERROR(__xludf.DUMMYFUNCTION("""COMPUTED_VALUE"""),0.0) -> 0 | Z59: =IFERROR(V59/W59*100,0) -> 0 | AA59: =IFERROR(V59/X59*100,0) -> 0 | AB59: =IFERROR(V59/Y59*100,0) -> 0
E60: =SUMIFS('DB WBS'!$J:$J,'DB WBS'!$A:$A,$D$4,'DB WBS'!$D:$D,AA$1,'DB WBS'!$B:$B,$E$3,'DB WBS'!$E:$E,$B60) -> 0 | F60: =SUMIFS('DB WBS'!$J:$J,'DB WBS'!$A:$A,$D$4,'DB WBS'!$D:$D,AA$2,'DB WBS'!$B:$B,$E$3,'DB WBS'!$E:$E,$B60) -> 0 | G60: =IFERROR(HLOOKUP($E$3,'Tahun Lalu'!$B$5:$V$158,MATCH(B60,'Tahun Lalu'!$B$5:$B$158,0),0),0) -> 0 | H60: =IFERROR(round(HLOOKUP('Tahun Lalu'!$D$3,RKO!$A$1:$P$171,MATCH(B60,RKO!$A$1:$A$171,0),0)*1000,0),0) -> 0 | I60: =IFERROR(round(HLOOKUP('Tahun Lalu'!$D$3,RKAP!$A$1:$P$171,MATCH(B60,RKAP!$A$1:$A$171,0),0)*1000,0),0) -> 0 | J60: =IFERROR(E60/F60*100,0) -> 0 | K60: =IFERROR(E60/G60*100,0) -> 0 | L60: =IFERROR(E60/H60*100,0) -> 0 | M60: =IFERROR(E60/I60*100,0) -> 0 | N60: =E60+V60 -> 0 | O60: =G60+W60 -> 0 | P60: =H60+X60 -> 0 | Q60: =I60+Y60 -> 0 | R60: =IFERROR(N60/O60*100,0) -> 0 | S60: =IFERROR(N60/P60*100,0) -> 0 | T60: =IFERROR(N60/Q60*100,0) -> 0 | V60: =IFERROR(__xludf.DUMMYFUNCTION("""COMPUTED_VALUE"""),0.0) -> 0 | W60: =IFERROR(__xludf.DUMMYFUNCTION("""COMPUTED_VALUE"""),0.0) -> 0 | X60: =IFERROR(__xludf.DUMMYFUNCTION("""COMPUTED_VALUE"""),0.0) -> 0 | Y60: =IFERROR(__xludf.DUMMYFUNCTION("""COMPUTED_VALUE"""),0.0) -> 0 | Z60: =IFERROR(V60/W60*100,0) -> 0 | AA60: =IFERROR(V60/X60*100,0) -> 0 | AB60: =IFERROR(V60/Y60*100,0) -> 0
E61: =SUMIFS('DB WBS'!$J:$J,'DB WBS'!$A:$A,$D$4,'DB WBS'!$D:$D,AA$1,'DB WBS'!$B:$B,$E$3,'DB WBS'!$E:$E,$B61) -> 0 | F61: =SUMIFS('DB WBS'!$J:$J,'DB WBS'!$A:$A,$D$4,'DB WBS'!$D:$D,AA$2,'DB WBS'!$B:$B,$E$3,'DB WBS'!$E:$E,$B61) -> 0 | G61: =IFERROR(HLOOKUP($E$3,'Tahun Lalu'!$B$5:$V$158,MATCH(B61,'Tahun Lalu'!$B$5:$B$158,0),0),0) -> 0 | H61: =IFERROR(round(HLOOKUP('Tahun Lalu'!$D$3,RKO!$A$1:$P$171,MATCH(B61,RKO!$A$1:$A$171,0),0)*1000,0),0) -> 0 | I61: =IFERROR(round(HLOOKUP('Tahun Lalu'!$D$3,RKAP!$A$1:$P$171,MATCH(B61,RKAP!$A$1:$A$171,0),0)*1000,0),0) -> 0 | J61: =IFERROR(E61/F61*100,0) -> 0 | K61: =IFERROR(E61/G61*100,0) -> 0 | L61: =IFERROR(E61/H61*100,0) -> 0 | M61: =IFERROR(E61/I61*100,0) -> 0 | N61: =E61+V61 -> 0 | O61: =G61+W61 -> 0 | P61: =H61+X61 -> 0 | Q61: =I61+Y61 -> 0 | R61: =IFERROR(N61/O61*100,0) -> 0 | S61: =IFERROR(N61/P61*100,0) -> 0 | T61: =IFERROR(N61/Q61*100,0) -> 0 | V61: =IFERROR(__xludf.DUMMYFUNCTION("""COMPUTED_VALUE"""),0.0) -> 0 | W61: =IFERROR(__xludf.DUMMYFUNCTION("""COMPUTED_VALUE"""),0.0) -> 0 | X61: =IFERROR(__xludf.DUMMYFUNCTION("""COMPUTED_VALUE"""),0.0) -> 0 | Y61: =IFERROR(__xludf.DUMMYFUNCTION("""COMPUTED_VALUE"""),0.0) -> 0 | Z61: =IFERROR(V61/W61*100,0) -> 0 | AA61: =IFERROR(V61/X61*100,0) -> 0 | AB61: =IFERROR(V61/Y61*100,0) -> 0
E62: =SUMIFS('DB WBS'!$J:$J,'DB WBS'!$A:$A,$D$4,'DB WBS'!$D:$D,AA$1,'DB WBS'!$B:$B,$E$3,'DB WBS'!$E:$E,$B62) -> 0 | F62: =SUMIFS('DB WBS'!$J:$J,'DB WBS'!$A:$A,$D$4,'DB WBS'!$D:$D,AA$2,'DB WBS'!$B:$B,$E$3,'DB WBS'!$E:$E,$B62) -> 0 | G62: =IFERROR(HLOOKUP($E$3,'Tahun Lalu'!$B$5:$V$158,MATCH(B62,'Tahun Lalu'!$B$5:$B$158,0),0),0) -> 0 | H62: =IFERROR(round(HLOOKUP('Tahun Lalu'!$D$3,RKO!$A$1:$P$171,MATCH(B62,RKO!$A$1:$A$171,0),0)*1000,0),0) -> 0 | I62: =IFERROR(round(HLOOKUP('Tahun Lalu'!$D$3,RKAP!$A$1:$P$171,MATCH(B62,RKAP!$A$1:$A$171,0),0)*1000,0),0) -> 0 | J62: =IFERROR(E62/F62*100,0) -> 0 | K62: =IFERROR(E62/G62*100,0) -> 0 | L62: =IFERROR(E62/H62*100,0) -> 0 | M62: =IFERROR(E62/I62*100,0) -> 0 | N62: =E62+V62 -> 0 | O62: =G62+W62 -> 0 | P62: =H62+X62 -> 0 | Q62: =I62+Y62 -> 0 | R62: =IFERROR(N62/O62*100,0) -> 0 | S62: =IFERROR(N62/P62*100,0) -> 0 | T62: =IFERROR(N62/Q62*100,0) -> 0 | V62: =IFERROR(__xludf.DUMMYFUNCTION("""COMPUTED_VALUE"""),0.0) -> 0 | W62: =IFERROR(__xludf.DUMMYFUNCTION("""COMPUTED_VALUE"""),0.0) -> 0 | X62: =IFERROR(__xludf.DUMMYFUNCTION("""COMPUTED_VALUE"""),0.0) -> 0 | Y62: =IFERROR(__xludf.DUMMYFUNCTION("""COMPUTED_VALUE"""),0.0) -> 0 | Z62: =IFERROR(V62/W62*100,0) -> 0 | AA62: =IFERROR(V62/X62*100,0) -> 0 | AB62: =IFERROR(V62/Y62*100,0) -> 0
E63: =SUMIFS('DB WBS'!$J:$J,'DB WBS'!$A:$A,$D$4,'DB WBS'!$D:$D,AA$1,'DB WBS'!$B:$B,$E$3,'DB WBS'!$E:$E,$B63) -> 0 | F63: =SUMIFS('DB WBS'!$J:$J,'DB WBS'!$A:$A,$D$4,'DB WBS'!$D:$D,AA$2,'DB WBS'!$B:$B,$E$3,'DB WBS'!$E:$E,$B63) -> 0 | G63: =IFERROR(HLOOKUP($E$3,'Tahun Lalu'!$B$5:$V$158,MATCH(B63,'Tahun Lalu'!$B$5:$B$158,0),0),0) -> 0 | H63: =IFERROR(round(HLOOKUP('Tahun Lalu'!$D$3,RKO!$A$1:$P$171,MATCH(B63,RKO!$A$1:$A$171,0),0)*1000,0),0) -> 0 | I63: =IFERROR(round(HLOOKUP('Tahun Lalu'!$D$3,RKAP!$A$1:$P$171,MATCH(B63,RKAP!$A$1:$A$171,0),0)*1000,0),0) -> 0 | J63: =IFERROR(E63/F63*100,0) -> 0 | K63: =IFERROR(E63/G63*100,0) -> 0 | L63: =IFERROR(E63/H63*100,0) -> 0 | M63: =IFERROR(E63/I63*100,0) -> 0 | N63: =E63+V63 -> 0 | O63: =G63+W63 -> 0 | P63: =H63+X63 -> 0 | Q63: =I63+Y63 -> 0 | R63: =IFERROR(N63/O63*100,0) -> 0 | S63: =IFERROR(N63/P63*100,0) -> 0 | T63: =IFERROR(N63/Q63*100,0) -> 0 | V63: =IFERROR(__xludf.DUMMYFUNCTION("""COMPUTED_VALUE"""),0.0) -> 0 | W63: =IFERROR(__xludf.DUMMYFUNCTION("""COMPUTED_VALUE"""),0.0) -> 0 | X63: =IFERROR(__xludf.DUMMYFUNCTION("""COMPUTED_VALUE"""),0.0) -> 0 | Y63: =IFERROR(__xludf.DUMMYFUNCTION("""COMPUTED_VALUE"""),0.0) -> 0 | Z63: =IFERROR(V63/W63*100,0) -> 0 | AA63: =IFERROR(V63/X63*100,0) -> 0 | AB63: =IFERROR(V63/Y63*100,0) -> 0
B64: Jumlah Biaya Penyerbukan Buatan | E64: =SUM(E59:E63) -> 0 | F64: =SUM(F59:F63) -> 0 | G64: =SUM(G59:G63) -> 0 | H64: =SUM(H59:H63) -> 0 | I64: =SUM(I59:I63) -> 0 | J64: =IFERROR(E64/F64*100,0) -> 0 | K64: =IFERROR(E64/G64*100,0) -> 0 | L64: =IFERROR(E64/H64*100,0) -> 0 | M64: =IFERROR(E64/I64*100,0) -> 0 | N64: =SUM(N59:N63) -> 0 | O64: =SUM(O59:O63) -> 0 | P64: =SUM(P59:P63) -> 0 | Q64: =SUM(Q59:Q63) -> 0 | R64: =IFERROR(N64/O64*100,0) -> 0 | S64: =IFERROR(N64/P64*100,0) -> 0 | T64: =IFERROR(N64/Q64*100,0) -> 0 | V64: =IFERROR(__xludf.DUMMYFUNCTION("""COMPUTED_VALUE"""),0.0) -> 0 | W64: =IFERROR(__xludf.DUMMYFUNCTION("""COMPUTED_VALUE"""),0.0) -> 0 | X64: =IFERROR(__xludf.DUMMYFUNCTION("""COMPUTED_VALUE"""),0.0) -> 0 | Y64: =IFERROR(__xludf.DUMMYFUNCTION("""COMPUTED_VALUE"""),0.0) -> 0 | Z64: =IFERROR(V64/W64*100,0) -> 0 | AA64: =IFERROR(V64/X64*100,0) -> 0 | AB64: =IFERROR(V64/Y64*100,0) -> 0
B65: 54-01 | D65: MEMBUAT LUBANG TANAM - (TM 1) | E65: =SUMIFS('DB WBS'!$J:$J,'DB WBS'!$A:$A,$D$4,'DB WBS'!$D:$D,AA$1,'DB WBS'!$B:$B,$E$3,'DB WBS'!$E:$E,$B65) -> 0 | F65: =SUMIFS('DB WBS'!$J:$J,'DB WBS'!$A:$A,$D$4,'DB WBS'!$D:$D,AA$2,'DB WBS'!$B:$B,$E$3,'DB WBS'!$E:$E,$B65) -> 0 | G65: =IFERROR(HLOOKUP($E$3,'Tahun Lalu'!$B$5:$V$158,MATCH(B65,'Tahun Lalu'!$B$5:$B$158,0),0),0) -> 0 | H65: =IFERROR(round(HLOOKUP('Tahun Lalu'!$D$3,RKO!$A$1:$P$171,MATCH(B65,RKO!$A$1:$A$171,0),0)*1000,0),0) -> 0 | I65: =IFERROR(round(HLOOKUP('Tahun Lalu'!$D$3,RKAP!$A$1:$P$171,MATCH(B65,RKAP!$A$1:$A$171,0),0)*1000,0),0) -> 0 | J65: =IFERROR(E65/F65*100,0) -> 0 | K65: =IFERROR(E65/G65*100,0) -> 0 | L65: =IFERROR(E65/H65*100,0) -> 0 | M65: =IFERROR(E65/I65*100,0) -> 0 | N65: =E65+V65 -> 0 | O65: =G65+W65 -> 0 | P65: =H65+X65 -> 0 | Q65: =I65+Y65 -> 0 | R65: =IFERROR(N65/O65*100,0) -> 0 | S65: =IFERROR(N65/P65*100,0) -> 0 | T65: =IFERROR(N65/Q65*100,0) -> 0 | V65: =IFERROR(__xludf.DUMMYFUNCTION("""COMPUTED_VALUE"""),0.0) -> 0 | W65: =IFERROR(__xludf.DUMMYFUNCTION("""COMPUTED_VALUE"""),0.0) -> 0 | X65: =IFERROR(__xludf.DUMMYFUNCTION("""COMPUTED_VALUE"""),0.0) -> 0 | Y65: =IFERROR(__xludf.DUMMYFUNCTION("""COMPUTED_VALUE"""),0.0) -> 0 | Z65: =IFERROR(V65/W65*100,0) -> 0 | AA65: =IFERROR(V65/X65*100,0) -> 0 | AB65: =IFERROR(V65/Y65*100,0) -> 0
